-- phpMyAdmin SQL Dump
-- version 4.9.2
-- https://www.phpmyadmin.net/
--
-- Host: 127.0.0.1:3306
-- Generation Time: Jul 11, 2021 at 09:29 AM
-- Server version: 10.4.10-MariaDB
-- PHP Version: 7.3.12

SET SQL_MODE = "NO_AUTO_VALUE_ON_ZERO";
SET AUTOCOMMIT = 0;
START TRANSACTION;
SET time_zone = "+00:00";


/*!40101 SET @OLD_CHARACTER_SET_CLIENT=@@CHARACTER_SET_CLIENT */;
/*!40101 SET @OLD_CHARACTER_SET_RESULTS=@@CHARACTER_SET_RESULTS */;
/*!40101 SET @OLD_COLLATION_CONNECTION=@@COLLATION_CONNECTION */;
/*!40101 SET NAMES utf8mb4 */;

--
-- Database: `book_store`
--

-- --------------------------------------------------------

--
-- Table structure for table `anh_sach`
--

DROP TABLE IF EXISTS `anh_sach`;
CREATE TABLE IF NOT EXISTS `anh_sach` (
  `Id` int(11) NOT NULL AUTO_INCREMENT,
  `Id_Sach` int(11) NOT NULL,
  `Anh_Sach` varchar(100) COLLATE utf8_unicode_ci NOT NULL,
  `Loai_Anh` int(1) NOT NULL,
  `Trang_Thai` tinyint(1) NOT NULL,
  `updated_at` timestamp NOT NULL DEFAULT current_timestamp() ON UPDATE current_timestamp(),
  `created_at` timestamp NOT NULL DEFAULT '0000-00-00 00:00:00',
  `deleted_at` timestamp NULL DEFAULT NULL,
  PRIMARY KEY (`Id`),
  KEY `Id_Sach` (`Id_Sach`)
) ENGINE=InnoDB AUTO_INCREMENT=13 DEFAULT CHARSET=utf8 COLLATE=utf8_unicode_ci;

--
-- Dumping data for table `anh_sach`
--

INSERT INTO `anh_sach` (`Id`, `Id_Sach`, `Anh_Sach`, `Loai_Anh`, `Trang_Thai`, `updated_at`, `created_at`, `deleted_at`) VALUES
(1, 2, '/user/images/book/tu-duy-sau-thumbnail.png', 0, 0, '2021-06-27 04:49:09', '2021-06-23 06:17:39', NULL),
(3, 5, '/user/images/book/dung-de-mat-bo-thumbnail.png', 0, 0, '2021-06-27 11:36:19', '2021-06-23 06:53:56', NULL),
(4, 10, '/user/images/book/lau-dai-cua-howl-thumbnail.png', 1, 0, '2021-06-23 06:56:56', '2021-06-23 06:56:56', NULL),
(6, 2, '/user/images/book/tu-duy-sau-thumbnail-1.png', 2, 0, '2021-06-27 04:50:12', '2021-06-23 19:37:32', NULL),
(10, 12, '/user/images/book/bat-den-thumbnail.png', 0, 0, '2021-06-23 22:55:42', '2021-06-23 22:55:42', NULL),
(11, 12, '/user/images/book/bat-den-thumbnail-1.png', 2, 1, '2021-06-23 23:25:53', '2021-06-23 23:25:47', NULL),
(12, 6, '/user/images/book/10-van-cau-hoi-vi-sao-thumbnail.png', 0, 0, '2021-06-27 04:50:59', '2021-06-27 04:50:59', NULL);

-- --------------------------------------------------------

--
-- Table structure for table `binh_luan`
--

DROP TABLE IF EXISTS `binh_luan`;
CREATE TABLE IF NOT EXISTS `binh_luan` (
  `Id` int(11) NOT NULL AUTO_INCREMENT,
  `Id_Sach` int(11) NOT NULL,
  `Id_TK` int(11) NOT NULL,
  `Noi_Dung` varchar(300) COLLATE utf8_unicode_ci NOT NULL,
  `Thoi_Gian` timestamp NOT NULL DEFAULT current_timestamp(),
  `Trang_Thai` tinyint(1) NOT NULL,
  PRIMARY KEY (`Id`),
  KEY `Id_Sach` (`Id_Sach`),
  KEY `Id_TK` (`Id_TK`)
) ENGINE=InnoDB DEFAULT CHARSET=utf8 COLLATE=utf8_unicode_ci;

-- --------------------------------------------------------

--
-- Table structure for table `chi_tiet_don_hang`
--

DROP TABLE IF EXISTS `chi_tiet_don_hang`;
CREATE TABLE IF NOT EXISTS `chi_tiet_don_hang` (
  `Id` int(11) NOT NULL AUTO_INCREMENT,
  `Id_Sach` int(11) NOT NULL,
  `Id_DH` int(11) NOT NULL,
  `So_Luong` int(11) NOT NULL,
  `Trang_Thai` tinyint(1) NOT NULL,
  PRIMARY KEY (`Id`),
  KEY `Id_Sach` (`Id_Sach`),
  KEY `Id_DH` (`Id_DH`)
) ENGINE=InnoDB DEFAULT CHARSET=utf8 COLLATE=utf8_unicode_ci;

-- --------------------------------------------------------

--
-- Table structure for table `don_hang`
--

DROP TABLE IF EXISTS `don_hang`;
CREATE TABLE IF NOT EXISTS `don_hang` (
  `Id` int(11) NOT NULL AUTO_INCREMENT,
  `Id_KH` int(11) NOT NULL,
  `Id_NV` int(11) NOT NULL,
  `Ngay_Lap` timestamp NOT NULL DEFAULT current_timestamp(),
  `Dia_Chi_Giao_Hang` varchar(30) COLLATE utf8_unicode_ci NOT NULL,
  `Tong_Tien` int(11) NOT NULL,
  `Trang_Thai` int(11) NOT NULL,
  PRIMARY KEY (`Id`),
  KEY `Id_KH` (`Id_KH`),
  KEY `Id_NV` (`Id_NV`)
) ENGINE=InnoDB DEFAULT CHARSET=utf8 COLLATE=utf8_unicode_ci;

-- --------------------------------------------------------

--
-- Table structure for table `gio_hang`
--

DROP TABLE IF EXISTS `gio_hang`;
CREATE TABLE IF NOT EXISTS `gio_hang` (
  `Id` int(11) NOT NULL AUTO_INCREMENT,
  `Id_Sach` int(11) NOT NULL,
  `Id_TK` int(11) NOT NULL,
  `So_Luong` int(11) NOT NULL,
  `Trang_Thai` tinyint(1) NOT NULL,
  PRIMARY KEY (`Id`),
  KEY `Id_Sach` (`Id_Sach`),
  KEY `Id_TK` (`Id_TK`)
) ENGINE=InnoDB DEFAULT CHARSET=utf8 COLLATE=utf8_unicode_ci;

-- --------------------------------------------------------

--
-- Table structure for table `khuyen_mai`
--

DROP TABLE IF EXISTS `khuyen_mai`;
CREATE TABLE IF NOT EXISTS `khuyen_mai` (
  `Id` int(11) NOT NULL AUTO_INCREMENT,
  `Ten_CTKM` varchar(100) COLLATE utf8_unicode_ci NOT NULL,
  `Banner` varchar(100) COLLATE utf8_unicode_ci DEFAULT NULL,
  `Tg_Bat_Dau` date NOT NULL,
  `Tg_Ket_Thuc` date NOT NULL,
  `Noi_Dung` varchar(300) COLLATE utf8_unicode_ci DEFAULT NULL,
  `Link_Chi_Tiet` varchar(100) COLLATE utf8_unicode_ci DEFAULT NULL,
  `Trang_Thai` tinyint(1) NOT NULL,
  `updated_at` timestamp NOT NULL DEFAULT current_timestamp() ON UPDATE current_timestamp(),
  `created_at` timestamp NOT NULL DEFAULT '0000-00-00 00:00:00',
  `is_deleted` tinyint(1) NOT NULL DEFAULT 0,
  PRIMARY KEY (`Id`)
) ENGINE=InnoDB AUTO_INCREMENT=11 DEFAULT CHARSET=utf8 COLLATE=utf8_unicode_ci;

--
-- Dumping data for table `khuyen_mai`
--

INSERT INTO `khuyen_mai` (`Id`, `Ten_CTKM`, `Banner`, `Tg_Bat_Dau`, `Tg_Ket_Thuc`, `Noi_Dung`, `Link_Chi_Tiet`, `Trang_Thai`, `updated_at`, `created_at`, `is_deleted`) VALUES
(1, 'Tủ sách mùa hè', 'images\\banner-middle.jpg', '2021-05-15', '2021-05-28', 'Chào mùa hè với những quyển sách đến từ Y&P.', '/tin-tuc/chao-he', 1, '2021-07-04 00:23:18', '2021-06-26 12:09:51', 0),
(2, 'Hội sách thiếu nhi chào mừng 1-6', 'images\\banner-1.jpg', '2021-06-01', '2021-06-28', 'Nhân dịp lế quốc tế thiếu nhi 1-6 Y&P giảm đến 50% cho các loại sách thiếu nhi, 20% cho các loại sách còn lại.', '/tin-tuc/chuong-trinh-khuyen-mai-1-6', 1, '2021-07-04 00:23:08', '0000-00-00 00:00:00', 0),
(3, 'Hội sách tháng 7', 'images\\banner.jpg', '2021-07-01', '2021-07-20', '<ul><li>Chào mừng tháng 7 Y&amp;P mở các sự kiện sale sách với giá ưu đãi.</li><li>Giảm giá các thể loại sách:<ul><li>Truyện tranh: giảm 35%</li><li>Sách thiếu nhi: giảm 45%</li><li>Sách văn học: giảm 20%</li></ul></li></ul>', '/tin-tuc/khuyen-mai/hoi-sach-thang-7', 0, '2021-07-11 02:23:44', '2021-06-26 11:52:58', 0),
(7, 'Ngày hội khai trường', '/admin/images/promotion/banner-promotion.jpg', '2021-08-01', '2021-08-15', 'Nhân dịp khai trường Y&P giảm giá các sản phẩm SGK từ tiểu học đến trung học phổ thông.', '/tin-tuc/su-kien-khai-truong', 2, '2021-06-26 21:28:46', '2021-06-26 12:36:38', 1),
(9, 'Tủ sách mùa hè', '/admin/images/promotion/', '2021-07-15', '2021-07-17', 'abc', '/tin-tuc/khuyen-mai/hoi-sach-thang-7', 2, '2021-07-11 00:58:03', '2021-07-11 00:57:53', 1),
(10, 'Ngày hội khai trường', 'images\\banner-1.jpg', '2021-08-01', '2021-08-15', '<ol><li>Nội dung khuyến mãi</li></ol>', '/tin-tuc/khuyen-mai/su-kien-khai-truong', 2, '2021-07-11 01:01:20', '2021-07-11 00:59:54', 0);

-- --------------------------------------------------------

--
-- Table structure for table `nha_xuat_ban`
--

DROP TABLE IF EXISTS `nha_xuat_ban`;
CREATE TABLE IF NOT EXISTS `nha_xuat_ban` (
  `Id` int(11) NOT NULL AUTO_INCREMENT,
  `Ten_NXB` varchar(100) COLLATE utf8_unicode_ci NOT NULL,
  `Dia_Chi` varchar(100) COLLATE utf8_unicode_ci DEFAULT NULL,
  `So_Dien_Thoai` char(20) COLLATE utf8_unicode_ci DEFAULT NULL,
  `Email` varchar(30) COLLATE utf8_unicode_ci DEFAULT NULL,
  `Trang_Thai` tinyint(1) NOT NULL,
  PRIMARY KEY (`Id`)
) ENGINE=InnoDB AUTO_INCREMENT=15 DEFAULT CHARSET=utf8 COLLATE=utf8_unicode_ci;

--
-- Dumping data for table `nha_xuat_ban`
--

INSERT INTO `nha_xuat_ban` (`Id`, `Ten_NXB`, `Dia_Chi`, `So_Dien_Thoai`, `Email`, `Trang_Thai`) VALUES
(1, 'SkyBook', '10A Trường Chinh, Phường 18, Quận Tân Phú', '02872223225', 'SkyBookTC@gmail.com', 1),
(2, 'Nhà Xuất Bản Kim Đồng', '55 Quang Trung, Hai Bà Trưng, Hà Nội', '02439434730', 'kimdong@hn.vnn.vn', 1),
(4, 'Nhà Xuất Bản Trẻ', '161B Lý Chính Thắng, Phường 7, Quận 3, Thành phố Hồ Chí Minh.', '(028) 39316289', 'hopthubandoc@nxbtre.com.vn', 1),
(5, 'NXB Tổng hợp thành phố Hồ Chí Minh', '62 Nguyễn Thị Minh Khai, Phường Đa Kao, Quận 1, TP.HCM', '(028) 38 225 340', 'tonghop@nxbhcm.com.vn', 1),
(6, 'NXB Giáo Dục', '81 Trần Hưng Đạo, Hà Nội', '024.382208012', 'gd@gmail.com', 1),
(7, 'NXB Lao Động', '175 Giảng Võ, Đống Đa, Hà Nội', '0243.8515380', 'nxblaodong@yahoo.com', 1),
(8, 'MCBOOKS', 'Lô 34E, Khu Đấu Giá 3ha, P. Phúc Diễm, Q. Bắc Từ Liêm, Hà Nội', '0986066630', 'thongtinsach@mcbooks.vn', 1),
(9, 'NXB Đại Học Quốc Gia Hà Nội', '16 Hàng Chuối, P. Phạm Đình Hổ, Q. Hai Bà Trưng, Hà Nội', '(024) 0837812127', 'nhaxuatbandhqghanoi@gmail.com', 1),
(10, 'Nhà Xuất Bản Dân Trí', 'Số 9, Ngõ 26 Hoàng Cầu, Đống Đa, Hà Nội', '(024) 66860751', 'nxbdantri@gmail.com', 1),
(11, 'NXB Đại Học Sư Phạm', '136 Đường Xuân Thuỷ, P. Dịch Vọng Hậu, Q. Cầu Giấy, Hà Nội', '(024) 375477351', 'hanhchinh@nxbdhsp.edu.vn', 1),
(12, 'Nhà Xuất Bản Tri Thức', '53 Nguyễn Du, quận Hai Bà Trưng, Hà Nội, Việt Nam', ' (024) 39454 661', ' nxbtrithuc@gmail.com', 1),
(13, 'Nhà Xuất Bản Thế Giới', '46 Trần Hưng Đạo, Q. Hoàn Kiếm, Hà Nội', '(024) 38251288', 'thegioi@hn.vnn.vn', 1),
(14, 'Nhà Xuất Bản Thanh Niên', '64 Bà Triệu, Hoàn Kiếm, Hà Nội', '0462631724', 'chinhanhnxbthanhnien@gmail.com', 1);

-- --------------------------------------------------------

--
-- Table structure for table `noi_dung_khuyen_mai`
--

DROP TABLE IF EXISTS `noi_dung_khuyen_mai`;
CREATE TABLE IF NOT EXISTS `noi_dung_khuyen_mai` (
  `Id` int(11) NOT NULL AUTO_INCREMENT,
  `Id_The_Loai` int(11) NOT NULL,
  `Id_Khuyen_Mai` int(11) NOT NULL,
  `Banner` varchar(100) COLLATE utf8_unicode_ci DEFAULT NULL,
  `Gia_Tri_Khuyen_Mai` int(11) NOT NULL,
  `Kich_Hoat` int(11) NOT NULL,
  `updated_at` timestamp NOT NULL DEFAULT current_timestamp() ON UPDATE current_timestamp(),
  `created_at` timestamp NOT NULL DEFAULT '0000-00-00 00:00:00',
  PRIMARY KEY (`Id`),
  KEY `Id_Khuyen_Mai` (`Id_Khuyen_Mai`),
  KEY `Id_The_Loai` (`Id_The_Loai`)
) ENGINE=InnoDB AUTO_INCREMENT=10 DEFAULT CHARSET=utf8 COLLATE=utf8_unicode_ci;

--
-- Dumping data for table `noi_dung_khuyen_mai`
--

INSERT INTO `noi_dung_khuyen_mai` (`Id`, `Id_The_Loai`, `Id_Khuyen_Mai`, `Banner`, `Gia_Tri_Khuyen_Mai`, `Kich_Hoat`, `updated_at`, `created_at`) VALUES
(1, 1, 2, '/admin/images/promotion/banner-promotion.jpg', 50, 0, '2021-06-27 11:06:30', '2021-06-27 04:23:22'),
(2, 2, 2, '/admin/images/promotion/71-thoi-quen-thumbnail-1.png', 40, 0, '2021-06-27 11:08:27', '2021-06-27 10:55:32'),
(4, 1, 1, '/admin/images/promotion/71-thoi-quen.png', 10, 0, '2021-06-27 11:19:31', '2021-06-27 11:19:26'),
(5, 1, 3, 'images\\banner-2.jpg', 35, 0, '2021-07-10 14:02:41', '2021-06-27 18:52:51'),
(6, 2, 3, 'images\\banner-1.jpg', 45, 0, '2021-07-10 13:52:45', '2021-06-27 18:53:06'),
(7, 3, 3, 'images\\banner-9.jpg', 40, 1, '2021-07-11 02:24:14', '2021-06-27 18:53:17'),
(8, 5, 3, NULL, 20, 1, '2021-07-11 02:24:08', '2021-07-10 21:40:58'),
(9, 12, 3, NULL, 10, 1, '2021-07-11 02:24:02', '2021-07-10 21:41:27');

-- --------------------------------------------------------

--
-- Table structure for table `sach`
--

DROP TABLE IF EXISTS `sach`;
CREATE TABLE IF NOT EXISTS `sach` (
  `Id` int(11) NOT NULL AUTO_INCREMENT,
  `Ten_Sach` text COLLATE utf8_unicode_ci NOT NULL,
  `Tac_Gia` varchar(100) COLLATE utf8_unicode_ci NOT NULL,
  `Anh_Bia` varchar(100) COLLATE utf8_unicode_ci NOT NULL,
  `Nha_Xuat_Ban` int(11) NOT NULL,
  `Phien_Ban` int(11) NOT NULL,
  `Loai_Bia` int(11) NOT NULL,
  `So_Trang` int(11) NOT NULL,
  `SKU` char(10) COLLATE utf8_unicode_ci NOT NULL,
  `Gia_Tien` int(11) NOT NULL,
  `Gia_Khuyen_Mai` int(11) DEFAULT 0,
  `Mo_Ta` longtext COLLATE utf8_unicode_ci DEFAULT NULL,
  `The_Loai` int(11) NOT NULL,
  `Trang_Thai` int(11) NOT NULL,
  `So_Luong` int(11) NOT NULL,
  `updated_at` timestamp NOT NULL DEFAULT current_timestamp() ON UPDATE current_timestamp(),
  `created_at` timestamp NOT NULL DEFAULT '0000-00-00 00:00:00',
  `is_deleted` tinyint(1) NOT NULL DEFAULT 0,
  PRIMARY KEY (`Id`),
  KEY `Nha_Xuat_Ban` (`Nha_Xuat_Ban`),
  KEY `The_Loai` (`The_Loai`)
) ENGINE=InnoDB AUTO_INCREMENT=54 DEFAULT CHARSET=utf8 COLLATE=utf8_unicode_ci;

--
-- Dumping data for table `sach`
--

INSERT INTO `sach` (`Id`, `Ten_Sach`, `Tac_Gia`, `Anh_Bia`, `Nha_Xuat_Ban`, `Phien_Ban`, `Loai_Bia`, `So_Trang`, `SKU`, `Gia_Tien`, `Gia_Khuyen_Mai`, `Mo_Ta`, `The_Loai`, `Trang_Thai`, `So_Luong`, `updated_at`, `created_at`, `is_deleted`) VALUES
(2, 'Tư Duy Sâu', 'Diệp Tu', '/user/images/book/tu-duy-sau.png', 2, 0, 2, 75, 'xkzMQdSXJK', 89000, 0, 'TƯ DUY SÂU – TẬP HỢP 9 PHƯƠNG PHÁP TƯ DUY GIÚP BẠN ĐỘT PHÁ GIỚI HẠN BẢN THÂN<br>\r\n<br>\r\nFrancis Bacon đã từng phải thốt lên một câu kinh điển thế này: “Tri thức chính là lực lượng”<br>\r\n<br>\r\nTrong quá trình phát triển của xã hội loài người, nhân tố quyết định sự mạnh yếu của một cá thể luôn luôn thay đổi.<br>\r\n<br>\r\nĐiểm chung lớn nhất của giới tinh hoa không phải là tài năng xuất chúng, mà là tư duy sâu. Bạn có thể lập được kế hoạch chiến lược như thế nào? Bạn có khả năng tư duy để giải quyết các vấn đề trong cuộc sống hay không? Hay bạn có thể đưa ra được những điều ấy đều cần đến một thứ vũ khí tốt nhất cho não bộ đấy là phương pháp tư duy sâu.<br>\r\n<br>\r\nTư duy sâu sẽ giúp bạn có được chuỗi tư duy logic; đột phá giới hạn của bản thân, có cái nhìn linh hoạt khi đối diện với một vấn đề nào đó; xử lý lượng thông tin tương đối lớn khi phải tiếp nhận những thông tin hỗn loạn; đứng trên góc độ vĩ mô để phân tích vấn đề, nhận biết những đặc điểm sinh thái, những xu hướng dài hạn của sự vật, <br>\r\n<br>\r\n“Tư Duy Sâu\" là một cuốn sách sẽ dẫn các bạn đi từ những bước cơ bản đến phức tạp, tìm hiểu sâu vào khả năng của bản thân và của não bộ thông qua các phương pháp và mô hình nguyên lý chuyên sâu đến từ kinh nghiệm và kiến thức của chuyên gia về các phương pháp tư duy - Diệp Tu.<br>\r\n<br>', 3, 0, 10, '2021-07-05 15:11:34', '2021-06-21 07:53:21', 1),
(5, 'Đừng Để Mất Bò', 'Trần Thanh Phong', '/user/images/book/dung-de-mat-bo.png', 1, 1, 0, 66, 'R99Gss9EWm', 95000, 0, 'Mô tả sách \"Đừng để mất bò\".', 4, 1, 0, '2021-06-23 05:19:18', '2021-06-21 08:18:46', 0),
(6, '10 Vạn Câu Hỏi Vì Sao?', 'Nguyễn Đồng', '/user/images/book/10-van-cau-hoi-vi-sao.png', 2, 0, 1, 83, 'hhRbOfu32l', 125000, 68750, 'Giới thiệu sách - Tác giả : Đức anh - Số trang : 195 trang - Năm xuất bản : 2017 - Nhà xuất bản : dân trí Combo bộ sách trình bộ 5 cuốn sách 10 vạn câu hỏi vì sao, gồm 5 chủ đề về vũ trụ, động vật, con người, vật lý, và thực vật, là bộ sách hoàn hảo nhất giải đáp tất cả những thắc mắc của bạn về các câu hỏi Đứng trước thế giới với bao kì diệu, mang trong mình sự tò mò, khát khao tìm hiểu, câu hỏi thường thấy nhất ở trẻ là \"Vì sao?\". \"Vì sao phải hít thở?\", \"Vì sao Vịt có thể bơi trên mặt nước?\"… Quả thực, những câu hỏi \"Vì sao?\" đó khiến người lớn chúng ta cũng khó mà trả lời để con trẻ hiểu được.\r\n\r\n Bộ sách 10 Vạn Câu Hỏi Vì Sao sẽ giúp các bậc phụ huynh tháo gỡ những khúc mắc của trẻ. Bộ sách gồm: \r\n\r\n+ 10 Vạn Câu Hỏi Vì Sao - Thực Vật \r\n+ 10 Vạn Câu Hỏi Vì Sao - Động Vật \r\n+ 10 Vạn Câu Hỏi Vì Sao - Con Người \r\n+ 10 Vạn Câu Hỏi Vì Sao - Vũ Trụ Kỳ Bí \r\n+ 10 Vạn Câu Hỏi Vì Sao - Bí Ẩn Quanh Ta.', 2, 2, 12, '2021-07-11 02:29:01', '2021-06-21 08:46:54', 0),
(9, 'Hoàng Tử Bé', 'Albert Smith', '/user/images/book/hoang-tu-be.png', 2, 1, 0, 88, 'NuPvIZ5BQs', 160000, 104000, 'Bản đặc biệt của sách Hoàng Tử Bé', 1, 2, 5, '2021-07-11 02:29:01', '2021-06-22 10:05:54', 0),
(10, 'Lâu Đài Bay Của Pháp Sư Howl', 'D.Wynne Jones', '/user/images/book/lau-dai-cua-howl.png', 1, 0, 0, 105, 'eqH012NTSA', 205000, 133250, 'Lâu đài bay của pháp sư Howl, còn dịch nghĩa khác là Lâu đài di động của Howl, ra mắt năm 2004, được biên kịch và đạo diễn bởi Miyazaki Hayao của Studio Ghibli, dựa trên một tiểu thuyết cùng tên của Diana Wynne Jones.', 1, 2, 20, '2021-07-11 02:29:01', '2021-06-22 12:17:34', 0),
(11, '71 Thói Quen', 'Diệp Tu', '/user/images/book/71-thoi-quen.png', 1, 0, 2, 98, 'QYtGpXsTHz', 89000, 0, 'Mô tả sách', 3, 2, 10, '2021-07-11 02:25:01', '2021-06-22 22:52:28', 0),
(12, 'Bật Đèn', 'FuJuSu', '/user/images/book/bat-den.png', 1, 0, 2, 54, 'ttFAXbEmot', 72000, 0, 'Con người thật kỳ lạ\r\nHọ toàn nhớ những thứ nên quên, và toàn quên những thứ cần nhớ\r\nHọ dành một phần ba cuộc đời để ngủ, mà hầu hết chẳng biết gì về nó\r\n\r\nBật đèn là một cuốn truyện 2 trong 1: tiểu thuyết viễn tưởng hài hước kết hợp với rèn luyện kỹ năng, với chủ đề phiêu lưu vào thế giới giấc mơ và đánh thức những khả năng tiềm ẩn của con người, cụ thể là khả năng ghi nhớ và sức mạnh của sự tập trung.\r\n\r\nNếu yêu thích những câu chuyện, bạn sẽ hòa mình vào một thế giới vừa lạ vừa quen, những tình huống thú vị khiến bạn bật cười, để rồi được trả lời một câu hỏi bí ẩn mà ngày bé, có lẽ ai cũng từng tự hỏi: Khi ngủ ta đi đâu? Tại sao có những giấc mơ? Nội dung chi tiết hơn, bạn nên tự khám phá.\r\n\r\nNếu là độc giả thích kỹ năng, tiểu thuyết Bật Đèn sẽ giúp bạn hiểu về nguồn gốc trí nhớ, cách tâm thức hoạt động, và quan trọng hơn là cách áp dụng sống động của nhân vật trong truyện để cải thiện trí nhớ, rèn luyện sự tập trung, tránh khỏi cám dỗ, thậm chí… có được giấc ngủ ngon!\r\n\r\nCuốn sách phù hợp với các độc giả từ lứa tuổi học sinh cấp 2 trở lên, hoặc bất cứ ai quan tâm tới giấc mơ, tới não bộ, tới thế giới bên trong, nơi tiềm ẩn mọi sức mạnh tuyệt vời nhất của con người, và cách phát huy chúng!\r\n\r\nĐây cũng là cuốn tiểu thuyết đầu tay của tác giả Nguyễn Chu Nam Phương (Fususu) sau 7 năm hoàn thiện, Fususu là chủ nhân của nhiều đầu sách 5 sao trên Tiki. Còn chờ gì nữa, hãy rinh về, \"Bật đèn\" lên và cùng cô bé Nata, bắt đầu cuộc phiêu lưu mở cửa ba tầng giấc mơ bí ẩn!\r\n\r\nMong tin tốt lành,', 3, 2, 5, '2021-07-11 02:25:01', '2021-06-23 05:17:51', 0),
(13, 'Có Một Ngày, Bố Mẹ Sẽ Già Đi', 'Losedow', '/user/images/book/co-mot-ngay-bo-me-se-gia-di.png', 13, 0, 2, 296, 'c2GiuuiP71', 96000, 0, 'RỒI MỘT NGÀY, BỐ MẸ SẼ GIÀ ĐI\r\n\r\nCàng lớn lên, những quyến luyến của chúng ta đối với bố mẹ càng ít. Khi đại bàng non có thể giương cánh, nó luôn hướng tới không trung, chứ không phải rúc vào đôi cánh bố mẹ.\r\n\r\nBạn khát vọng cuộc sống khởi sắc, không còn quẫn bách giật gấu vá vai. Bạn khát vọng sự nghiệp tiến triển, như thế mới không uổng bao năm vất vả tăng ca bất kể gió mưa. Bạn khát vọng con cái của mình về sau có thể lớn lên vui vẻ khỏe mạnh, đạt được thành tích đáng tự hào, vươn lên trong môi trường cạnh tranh quyết liệt… Nhưng bạn lại vô tình đặt một khát vọng khác nằm sâu trong tâm hồn xuống vị trí dưới cùng, khát vọng này chính là hy vọng bố mẹ đừng vội già đi.\r\nGiống như mỗi ngày đều có thể nhìn thấy mặt trời, vào những ngày trời quang nắng đẹp, bạn cảm thấy ấm áp và dễ chịu, nó như một thứ đương nhiên nên có, hưởng thụ sự tốt đẹp nó mang lại đã trở thành thói quen của bạn. Nhưng nếu một ngày, có người nói với bạn mặt trời sẽ không mọc nữa, bạn cảm thấy thế nào? Có lẽ phần lớn mọi người đều cảm thấy sợ hãi và luống cuống. Bố mẹ cũng giống như mặt trời, luôn lặng lẽ ở sau lưng, cho bạn chỗ dựa và sự ấm áp, nhưng nếu một ngày bố mẹ không còn ở đấy nữa, cảm giác an toàn quen thuộc cũng lập tức biến mất, bấy giờ muốn tìm lại, sợ rằng đã quá muộn.\r\nBởi vì năm tháng vẫn mãi trôi, thời gian không trở lại, tên siêu trộm thời gian đang dần dần lấy đi tuổi xuân của bố mẹ, rồi có một ngày, bố mẹ sẽ già đi.', 5, 2, 20, '2021-07-11 02:25:01', '2021-07-05 09:29:59', 0),
(14, '100 Kỹ Năng Sinh Tồn', 'Mai Loan', '/user/images/book/100-ky-nang-sinh-ton.png', 4, 0, 2, 272, 'u2XZv6t5y0', 99000, 54450, 'Bạn sẽ làm gì nếu như một ngày bị mắc kẹt giữa vùng lãnh thổ có dịch bệnh hoành hành, lạc ở nơi hoang dã, bị móc túi khi đi du lịch ở đất nước xa lạ, hay phải thoát ngay khỏi một vụ hỏa hoạn ở nhà cao tầng… ? Clint Emerson – một cựu Đặc vụ SEAL, lực lượng tác chiến đặc biệt của Hải quân Hoa Kỳ – muốn bạn có được sự chuẩn bị tốt nhất trong cuốn sách 100 kỹ năng sinh tồn này.Rõ ràng, chi tiết và được trình bày dễ hiểu, cuốn sách này phác thảo chi tiết nhiều chiến lược giúp bảo vệ bạn và những người bạn yêu thương, dạy bạn cách suy nghĩ và hành động như một thành viên của lực lượng quân đội tinh nhuệ Hoa Kỳ. 100 kỹ năng sinh tồn thực sự là cuốn cẩm nang vô giá. Bởi lẽ, khi nguy hiểm xảy ra, bạn chẳng có nhiều thời gian cho những chỉ dẫn phức tạp đâu.', 2, 2, 18, '2021-07-11 02:29:01', '2021-07-05 09:39:47', 0),
(15, 'Cùng Học Cấu Trúc Tiếng Anh Trung Học Phổ Thông', 'Trang Anh', '/user/images/book/anh-van-THPT.png', 9, 0, 2, 298, 'oFeVdNjOIB', 85000, 0, 'Với mong muốn giúp các em học sinh có thể nắm vững toàn bộ cấu trúc tiếng Anh trong chương trình phổ thông, tác giả đã biên soạn cuốn sách Cùng học cấu trúc tiếng Anh Trung học phổ thông - hệ thống toàn bộ cấu trúc trong từng bài học từ lớp 10 đến lớp 12 kèm những bài tập áp dụng giúp các em củng cố, thực hành để từ đó ghi nhớ các cấu trúc một cách nhanh và hiệu quả nhất.\r\n\r\nĐược chọn lọc và hệ thống cấu trúc của toàn bậc học phổ thông, chắc chắn cuốn sách này sẽ là một tài liệu học tập và ôn luyện hữu ích cho các em học sinh cũng như có thể được dùng làm tư liệu tham khảo cho quý thầy cô.', 8, 2, 13, '2021-07-05 09:42:25', '2021-07-05 09:42:25', 0),
(16, 'Án Mạng Trên Núi Phú Sĩ', 'Shizuko Natsuki', '/user/images/book/an-mang-tren-nui-phu-si.png', 5, 0, 2, 305, 'LvAJjjk4xD', 169000, 0, 'Câu chuyện được kể dưới lời của nhân vật Haruo – cô giáo tiếng Anh của một nữ tiểu thư của dòng họ danh giá nhà Watsuji, tên là Mako.\r\n\r\nCâu chuyện bắt đầu từ dịp Tết khi tất cả thành viên trong gia đình Watsuji tập trung tại một biệt trang để tận hưởng những ngày quây quần bên nhau mà không có người ngoài. Chỉ duy nhất cô giáo Haruo là khách mời đến tham gia cùng để giúp đỡ Mako hoàn thành luận văn.\r\n\r\nTại biệt trang nhà Watsuji hôm đó có sự góp mặt của 9 người là ông Yohei – chủ tịch tập đoàn Watsuji, phu nhân chủ tịch Mine, em trai chủ tịch Shige, gia đình vợ chồng cô cháu gái của ông Yohei là Yoshie – Michihiko và con gái Mako, thư ký tập đoàn Takuo, bác sĩ Kanehira và cô giáo Haruo.\r\n\r\nSau bữa tối quây quần cùng nhau, mọi người cùng uống trà và bi kịch bắt đầu từ đây. Khi cô cháu gái Mako và chủ tịch tập đoàn chưa xuống uống trà, bà Yoshie đã lên gọi 2 người họ và phát hiện ra một câu chuyện khiến ai nấy đều bàng hoàng: Mako  - cô cháu gái yêu quý nhất đã đâm vào ngực khiến chủ tịch qua đời.', 5, 2, 5, '2021-07-11 02:25:01', '2021-07-05 09:51:53', 0),
(17, 'Bách Khoa Lịch Sử Thế Giới', 'The Usborne', '/user/images/book/bach-khoa-lich-su-the-gioi.png', 4, 0, 0, 416, 'P9fDcw5LbD', 499000, 274450, 'Bách khoa Lịch sử thế giới là ấn phẩm vừa được phát hành thuộc tủ sách Bách khoa tri thức của Công ty Văn hóa Đông A. Cuốn sách chứa đựng lượng kiến thức khổng lồ về thế giới từ trước đến nay với hơn 200 chủ đề nằm trong 4 phần chính: Thế giới Tiền sử, Thế giới Cổ đại, Thế giới Trung cổ và 500 năm gần đây.\r\n\r\nCuốn sách đã vẽ nên bức tranh rộng lớn tái hiện cuộc sống của các dân tộc trước đây, giới thiệu về các nền văn minh nổi tiếng nhân loại, những nhân vật biến đổi thế giới, những sự kiện thay đổi tiến trình lịch sử… Với hàng nghìn minh họa ấn tượng và các bản đồ chi tiết, bạn đọc sẽ dễ dàng hình dung chủ đề đang được đề cập.\r\n\r\nBách khoa Lịch sử thế giới được Công ty Văn hóa Đông A mua bản quyền của NXB Usborne. Là NXB có tuổi đời trẻ trung tại Anh, Usborne tiên phong trong việc ứng dụng công nghệ mới vào lĩnh vực xuất bản. Chính vì vậy, nội dung cuốn sách này liên kết tới hơn 200 website uy tín giúp người đọc tra cứu thêm về vấn đề mình quan tâm. Tại các website đó, bạn có thể tra cứu thông tin, xem các đoạn video hay tải các hình ảnh và bản đồ.\r\n\r\nBách khoa Lịch sử thế giới – một cái nhìn toàn cảnh về quá khứ và hiện tại. Trân trọng giới thiệu cùng bạn đọc!', 2, 2, 15, '2021-07-11 02:29:01', '2021-07-05 09:54:33', 0),
(18, 'Cách Sống (Tái Bản 2020)', 'Inamori Kazuo', '/user/images/book/cach-song.png', 7, 0, 2, 226, 'n1ruKzCYRV', 85000, 0, 'Cách sống giống như một cây gậy đập vào dòng chảy xiết của thời đại u mê. Tại sao tình trạng u ám bế tắc đó bao trùm toàn xã hội? đó pải chăng là do con người đánh mất phương hướng cuộc đời, không nhìn thấy ý nghĩa cũng như giá trị sống? điều cần thiết nhất trong thời đại như vậy là chúng ta phải đặt lại câu hỏi rất căn bản: “ con người sống phải làm gì?”\r\n\r\nVề cuốn sách là tác phẩm được dịch sang 8 thứ tiếng như tiếng Anh, tiếng Trung, tiếng Hàn Quốc… có sức ảnh hưởng rất lớn hiện nay và đang được thế giới chú ý.\r\n\r\nLà một cuốn nhân sinh luận mà nhà kinh doanh hàng đâu trên thế giới dành tặng cho tất cả mọi người: để có thể đạt được những giấc mơ lớn lao, để trải nghiệm một cuộc đời thực sự.', 3, 2, 13, '2021-07-11 02:25:01', '2021-07-05 09:57:01', 0),
(19, 'Big Book Of Big Dinosaurs', 'Alex Frith', '/user/images/book/cac-loai-khung-long.png', 4, 0, 0, 32, 'N4yX9NGgjQ', 150000, 97500, 'Khủng long từng là \"chủ nhân\" của Trái Đất. Nhưng cuối cùng, bầy đàn hùng mạnh này lại \"biến mất\" khỏi Trái đất một cách bí ẩn, con người đã tìm thấy vô số hóa thạch bị chôn vùi của chúng.\r\n\r\nNếu bạn tò mò về loài vật này, muốn dạo bước trong thế giới nguyên thủy để sánh đôi bên cạnh những bạo chúa Tyrannosaurus khét tiếng hung tợn, thần sấm Brontosaurus với bước chân rung chuyển mặt đất, hay tên trộm nhỏ bé mà ai cũng phải dè chừng Velociraptor... thì đây chính là cuốn sách mà bạn không thể bỏ lỡ.', 1, 2, 8, '2021-07-11 02:29:01', '2021-07-05 10:05:57', 0),
(20, 'Cân Bằng Cảm Xúc, Cả Lúc Bão Giông', 'Richard Nicholls', '/user/images/book/can-bang-cam-xuc.png', 1, 0, 2, 336, 'VDCASgJ7Oa', 96000, 0, 'Một ngày, chúng ta có khoảng 16 tiếng tiếp xúc với con người, công việc, các nguồn thông tin từ mạng xã hội, loa đài báo giấy… Việc này mang đến cho bạn vô vàn cảm xúc, cả tiêu cực lẫn tích cực.\r\nBạn có thể thấy vui khi nhìn một em bé đến trường nhưng 5 phút sau đã nổi cơn tam bành khi bị đứa trẻ con đi xe đạp đâm sầm vào lại còn ăn vạ.\r\nHoặc bạn rất dễ phát điên nếu như chỉ còn 5 giây nữa đèn giao thông chuyển từ đỏ sang xanh mà kẻ đi đằng sau bấm còi inh ỏi.\r\nHay là, bạn thấy buồn chỉ vì hôm nay trời mưa man mác, mà vẫn phải ngồi trong văn phòng làm việc, bạn bi quan rằng tuổi trẻ thật buồn tẻ.\r\nHãy thừa nhận đi! Ai trong số chúng ta cũng sẽ trải qua những điều này. Và cuốn sách này dạy bạn cách làm hòa với chính những tiêu cực bên trong mình…\r\nĐa số những cảm xúc tiêu cực chỉ thỏa mãn được chúng ta ở thời điểm hiện tại. Tức là chúng ta có thể sẽ nhận được sự thoải mái khi la hét, cáu giận, chửi thề một ai đó nhưng những âm thanh ta phát ra, suy nghĩ ta truyền đi sẽ đóng vai một con dao sắc lẹm đâm ngược lại vào chính thân thể mình. Các mối quan hệ, cuộc sống, công việc của chúng ta sẽ dần rơi vào sự mệt mỏi, bế tắc.\r\nHọc được cách cân bằng cảm xúc cũng chính là học được cách làm chủ cuộc đời mình thông minh, sáng suốt và đúng hướng.\r\n“Cân bằng cảm xúc, cả lúc bão giông” khác biệt hoàn toàn so với những cuốn sách về cảm xúc thông thường khác khi:\r\nChỉ cho người đọc những lý do khiến chúng ta luôn tiêu cực và bản chất của những điều này là gì?\r\nNhững điều khiến chúng ta thường xuyên nóng giận và không hạnh phúc bắt nguồn từ đâu?\r\nĐưa ra những bài tập cụ thể để cân bằng cảm xúc mỗi ngày như: Ngừng suy nghĩ trong một khoảng thời gian cố định, tưởng tượng một quá trình, tập sống với bản thân mỗi ngày…\r\nCân bằng phương trình của cuộc đời không dễ, cuốn sách này không chỉ là lý thuyết còn cho bạn những kĩ năng, phướng pháp tận tình nhất để giúp bạn làm chủ cảm xúc của mình.', 3, 2, 20, '2021-07-11 02:25:01', '2021-07-05 10:09:08', 0),
(21, 'Càng Kỷ Luật, Càng Tự Do', 'Ca Tây', '/user/images/book/cang-ky-luat-cang-tu-do.png', 13, 0, 2, 288, 'UHKaP00kiE', 109000, 0, 'KỶ LUẬT vốn là ván cờ bạn phải tự đấu với chính mình. Thắng - bạn sẽ có được “bản năng của người mạnh mẽ nhất”, đó là sự tự kiểm soát bản thân. Thua - bạn mãi sống trong cảm giác tạm bợ, nuối tiếc. Càng dễ dàng dung túng cho những thói quen trì hoãn bao nhiêu, cuộc sống của bạn sẽ đi càng nhanh tới sự mất kiểm soát và thiếu quy hoạch bấy nhiêu.\r\n\r\nHãy kiên trì đặt ra yêu cầu cao với bản thân, từ chối sự mê hoặc của thói tùy tiện đồng thời thiết lập cho mình những thói quen tốt trong hành vi thường ngày. Sự nỗ lực sẽ luôn được đền đáp xứng đáng nếu bạn biết cách đầu tư công sức và thời gian. Bởi một ngày nào đó trong tương lai, những gì bạn làm sẽ phản chiếu đầy đủ trên chính con người và cuộc đời của bạn.\r\n\r\nCÀNG KỶ LUẬT, CÀNG TỰ DO - Mong rằng tại thời điểm kết thúc hành trình với cuốn sách, bạn đã là một phiên bản khác kỷ luật hơn, nhưng tự do hơn.\r\n\r\nMột vài trích dẫn:\r\n\r\n“Bạn cần phải biết rằng tình yêu là hoa thêu trên gấm. Có thì tốt, không có cũng chẳng sao, thực sự không đáng để bạn vì nó mà từ bỏ sự nghiệp, từ bỏ cơ hội thăng tiến thậm chí là từ bỏ cả cuộc đời vinh hoa sau này.”\r\n\r\n“Những người trưởng thành như chúng ta nên nhìn cuộc sống rộng hơn một chút, ghen có thể có, tức giận có thể có. Thế nhưng, có những cảm xúc chỉ nên lướt qua trong lòng, ngày hôm sau ngủ dậy hãy để nó rời đi cùng với đêm đen mới là cách lựa chọn tốt nhất.”\r\n\r\n“Mỗi người đều có kinh nghiệm sống không giống nhau, yêu cầu không giống nhau. Điều giống nhau là chúng ta đều nên tìm mọi cách trau dồi khả năng của bản thân để sống tốt cuộc đời này.”', 6, 2, 100, '2021-07-06 08:21:29', '2021-07-06 08:21:29', 0),
(22, 'Cây Cam Ngọt Của Tôi', 'JOSÉ MAURO DE VASCONCELOS', '/user/images/book/cay-cam-ngot-cua-toi.png', 5, 0, 2, 244, 'bpR5So1pRw', 108000, 0, '“Vị chua chát của cái nghèo hòa trộn với vị ngọt ngào khi khám phá ra những điều khiến cuộc đời này đáng số một tác phẩm kinh điển của Brazil.”\r\n\r\n- Booklist\r\n\r\n“Một cách nhìn cuộc sống gần như hoàn chỉnh từ con mắt trẻ thơ… có sức mạnh sưởi ấm và làm tan nát cõi lòng, dù người đọc ở lứa tuổi nào.”\r\n\r\n- The National\r\n\r\nHãy làm quen với Zezé, cậu bé tinh nghịch siêu hạng đồng thời cũng đáng yêu bậc nhất, với ước mơ lớn lên trở thành nhà thơ cổ thắt nơ bướm. Chẳng phải ai cũng công nhận khoản “đáng yêu” kia đâu nhé. Bởi vì, ở cái xóm ngoại ô nghèo ấy, nỗi khắc khổ bủa vây đã che mờ mắt người ta trước trái tim thiện lương cùng trí tưởng tượng tuyệt vời của cậu bé con năm tuổi.\r\n\r\nCó hề gì đâu bao nhiêu là hắt hủi, đánh mắng, vì Zezé đã có một người bạn đặc biệt để trút nỗi lòng: cây cam ngọt nơi vườn sau. Và cả một người bạn nữa, bằng xương bằng thịt, một ngày kia xuất hiện, cho cậu bé nhạy cảm khôn sớm biết thế nào là trìu mến, thế nào là nỗi đau, và mãi mãi thay đổi cuộc đời cậu.\r\nMở đầu bằng những thanh âm trong sáng và kết thúc lắng lại trong những nốt trầm hoài niệm, Cây cam ngọt của tôi khiến ta nhận ra vẻ đẹp thực sự của cuộc sống đến từ những điều giản dị như bông hoa trắng của cái cây sau nhà, và rằng cuộc đời thật khốn khổ nếu thiếu đi lòng yêu thương và niềm trắc ẩn. Cuốn sách kinh điển này bởi thế không ngừng khiến trái tim người đọc khắp thế giới thổn thức, kể từ khi ra mắt lần đầu năm 1968 tại Brazil.\r\n\r\nTác giả:\r\n\r\nJOSÉ MAURO DE VASCONCELOS (1920-1984) là nhà văn người Brazil. Sinh ra trong một gia đình nghèo ở ngoại ô Rio de Janeiro, lớn lên ông phải làm đủ nghề để kiếm sống. Nhưng với tài kể chuyện thiên bẩm, trí nhớ phi thường, trí tưởng tượng tuyệt vời cùng vốn sống phong phú, José cảm thấy trong mình thôi thúc phải trở thành nhà văn nên đã bắt đầu sáng tác năm 22 tuổi. Tác phẩm nổi tiếng nhất của ông là tiểu thuyết mang màu sắc tự truyện Cây cam ngọt của tôi. Cuốn sách được đưa vào chương trình tiểu học của Brazil, được bán bản quyền cho hai mươi quốc gia và chuyển thể thành phim điện ảnh. Ngoài ra, José còn rất thành công trong vai trò diễn viên điện ảnh và biên kịch.', 5, 2, 23, '2021-07-11 02:25:01', '2021-07-06 08:25:28', 0),
(23, 'Chinh Phục Luyện Thi Vào 10 Môn Toán Theo Chủ Đề', 'Nguyễn Xuân Nam', '/user/images/book/chinh-phuc-toan.png', 9, 0, 2, 340, '7TRpZ61WCX', 159000, 0, 'Chinh phục luyện thi vào 10 môn Toán theo chủ đề là cuốn sách trong bộ sách “Chinh phục luyện thi vào 10 theo chủ đề” được biên soạn bởi các tác giả uy tín và nhiều năm kinh nghiệm giảng dạy, luyện thi vào lớp 10. Cuốn sách được tổng hợp bài bản, cập nhật mới nhất các nội dung được đưa vào đề thi môn Toán những năm gần đây, chắc chắn sẽ giúp các em vững vàng kiến thức, tự tin đạt điểm cao trong kỳ thi sắp tới.\r\n\r\nCuốn sách nằm trong bộ 3 cuốn Chinh phục luyện thi vào 10 theo chủ đề - Toán Văn Anh.\r\n\r\nChinh phục luyện thi vào 10 theo chủ đề: Hơn cả sự mong đợi về một bộ sách tổng hợp chuyên đề trọng tâm cho học sinh lớp 9.\r\n\r\nBộ sách Chinh phục luyện thi vào 10 theo chủ đề:\r\n\r\n- Đầy đủ và chi tiết nhất về các chuyên đề trọng tâm 100% có trong đề thi\r\n\r\n- Bổ sung lý thuyết, kiến thức căn bản một cách bài bản, dễ hiểu, dễ vận dụng\r\n\r\n- Lộ trình kiến thức khoa học từ cơ bản đến nâng cao\r\n\r\n- Đáp án, lời giải chi tiết, rõ ràng\r\n\r\n5 ƯU ĐIỂM NỔI BẬT CHỈ CÓ Ở CHINH PHỤC LUYỆN THI VÀO 10 MÔN TOÁN THEO CHỦ ĐỀ\r\n\r\n1. Tổng hợp đầy đủ 11 chuyên đề trọng tâm của chương trình thi vào 10\r\n\r\n11 chuyên đề lớn 100% xuất hiện trong các đề thi tuyển sinh vào 10 như Căn thức, Phương trình bậc hai – Hệ thức Vi-et, Hệ phương trình, Bất đẳng thức…\r\n\r\n2. Cấu trúc khoa học, diễn giải chi tiết các kiến thức cần ghi nhớ mỗi chuyên đề\r\n\r\nMỗi chuyên đề đều được biên soạn đầy đủ, chi tiết bao gồm 3 phần chính:\r\n\r\nPhần A: Lý thuyết\r\n\r\nPhần B: Các dạng toán và phương pháp giải\r\n\r\nPhần C: Bài tập tự luyện\r\n\r\n3. Trình bày khoa học, bài bản các vấn đề quan trọng nhất cần ghi nhớ\r\n\r\nSử dụng bảng biểu rõ ràng, sách in 2 màu và in đậm dễ nhìn, dễ học và ghi nhớ.\r\n\r\n4. Trang bị kỹ năng và mẹo làm bài\r\n\r\nPhần lời giải chi tiết, học sinh mọi năng lực có thể học hiểu dễ dàng. Các em có thể tự nhận xét được năng lực bản thân, thấy được lỗi sai cần tránh, kịp thời lấp đầy lỗ hổng kiến thức, tìm ra các phương pháp làm bài nhanh, từ đó nâng cao năng lực của bản thân.\r\n\r\nĐặc biệt, bổ sung phương pháp tính nhanh với kỹ thuật sử dụng máy tính bỏ túi.\r\n\r\n5. Phù hợp với mọi đối tượng học sinh có học lực từ trung bình, khá đến giỏi\r\n\r\nCuốn sách Chinh phục luyện thi vào 10 môn Toán theo chủ đề được biên tập khoa học, phù hợp với mọi đối tượng học sinh có học lực từ trung bình - khá đến giỏi.\r\n\r\nKiến thức được biên soạn từ cơ bản đến nâng cao giúp học sinh có học lực trung bình củng cố vững chắc kiến thức nền tảng, vận dụng với các bài tập cơ bản; học sinh có học lực khá, giỏi nâng cao tư duy và kỹ năng giải đề với các bài tập vận dụng nâng cao.\r\n\r\nVới những ƯU ĐIỂM trên, cuốn sách Chinh phục luyện thi vào 10 môn Toán theo chủ đề chắc chắn sẽ là người bạn đồng hành, giúp các bạn học sinh lớp 9 chinh\r\nphục thành công kỳ thi vào lớp 10 sắp tới.', 8, 2, 45, '2021-07-06 08:29:12', '2021-07-06 08:29:12', 0),
(24, 'Đừng Bao Giờ Đi Ăn Một Mình (Tái Bản)', 'Keith Ferrazzi, Tahl Raz', '/user/images/book/dung-bao-gio-di-an-mot-minh.png', 4, 0, 2, 388, 'cNZWJjq9uX', 112000, 0, 'Đừng Bao Giờ Đi Ăn Một Mình (Tái Bản)\r\n\r\nBạn mong muốn đi tắt đón đầu?\r\n\r\nBạn muốn vững bước đến thành công?\r\n\r\nCông thức để làm được điều này, theo lời bậc thầy về kết nối là Keith Ferrazzi, chính là phải biết làm quen với mọi người. Ferrazzi đã khám phá từ khi còn trẻ rằng điểm khác biệt của những người thành công rực rỡ chính là cách họ vận dụng quyền năng của những mối quan hệ - để mọi người cùng thắng.\r\n\r\nTrong quyển sách Đừng bao giờ đi ăn một mình, Ferrazzi chỉ ra từng bước cách thức - và lý do - mà chính ông đã áp dụng để kết nối với hàng ngàn người là đồng nghiệp, bạn bè có tên trong số danh bạ, những người ông đã giúp đỡ và ngược lại cũng sẵn sàng giúp đỡ ông.\r\n\r\nFerrazzi sinh ra trong một gia đình có cha là công nhân nhà máy thép tỉnh lẻ và mẹ là lao công. Tuy vậy ông đã biết tận dụng khả năng kết nối xuất sắc của mình để dọn đường vào đến Yale, nhận bằng MBA tại Harvard, và giữ những chức vụ lãnh đạo quan trọng. Mặc dù chưa quá 40, Ferrazzi đã tạo được một mạng lưới trải dài từ hành lang ở Washington đến các tên tuổi lớn tại Hollywood. Ông đã được tạp chí Crain bình chọn là một trong số 40 người lãnh đạo kinh doanh dưới 40 tuổi đồng thời là Nhà lãnh đạo tương lai của thế giới tại Diễn đàn Kinh tế Thế giới ở Davos.', 4, 2, 50, '2021-07-06 08:31:51', '2021-07-06 08:31:51', 0),
(25, 'How Money Works - Hiểu Hết Về Tiền', 'Bùi Thị Quỳnh Chi', '/user/images/book/hieu-het-ve-tien.png', 10, 0, 2, 257, 'QZalnXyIGt', 300000, 0, 'How Money Works - Hiểu Hết Về Tiền\r\n\r\nCẩm nang giới thiệu đơn giản, dễ hình dung nhất từ trước đến nay về tiền tệ và hệ thống tài chính thế giới.\r\n\r\nTiền đến từ đâu? Sự khác biệt giữa giàu có và thu nhập là gì? Các chính phủ kiểm soát tiền tệ như thế nào? Tại sao một khoản nợ lại là tốt?\r\n\r\nHow money works – Hiểu hết về tiền tìm hiểu cách thức các chính phủ kiểm soát tiền tệ, cách các công ty kiếm ra tiền, cách các thị trường tài chính vận hành, cách các cá nhân tối đa hóa thu nhập thông qua đầu tư…\r\n\r\nĐưa ra định nghĩa cho hàng trăm khái niệm, cùng với những kiến thức nền tảng nhất về các hệ thống tài chính, như trái phiếu, cổ phiếu, tiền mã hóa, bitcoin, quản lý nợ, tránh vỡ nợ trực tuyến và gọi vốn cộng đồng, cũng như cách tiền vận hành thế giới.', 4, 2, 12, '2021-07-06 08:34:46', '2021-07-06 08:34:46', 0),
(26, 'Tự Học Toàn Diện Hóa Học - Từ Cơ Bản Đến Nâng Cao Lớp 8', 'Đào Thị Hoàng Ly, Đoàn Lương Hưng', '/user/images/book/hoa-THCS.png', 11, 0, 2, 232, 'RPvRWlGmsz', 99000, 0, 'Tự học toàn diện Hóa học – Từ cơ bản đến nâng cao lớp 8 là cuốn sách được trình bày theo các chuyên đề học tập, kèm bài tập vận dụng và đề kiểm tra giúp các học sinh lớp 8 có thể dễ dàng tự học, ôn luyện môn Hóa học ngay tại nhà một cách bài bản, khoa học và hiệu quả.', 12, 2, 50, '2021-07-11 02:25:01', '2021-07-06 08:41:45', 0),
(27, 'Công Phá Bài Tập Hóa lớp 10-11-12', 'Trần Phương Duy', '/user/images/book/hoa-THPT.png', 9, 0, 2, 622, 'b5ZTWfWWwC', 189000, 0, 'Kể từ năm 2019, đề thi THPT quốc gia môn Hóa có các dạng bài tập trong cả 3 lớp 10-11-12, điều này sẽ gây không ít áp lực cho các em học sinh. Chưa kể kiến thức về bài tập Hóa học khá là phức tạp và khó hiểu, hơn nữa các dạng bài trong đề thi khác xa với kiến thức trong SGK. Việc tạo ra một cuốn sách duy nhất mà có thể giúp các em nắm chắc được toàn bộ các chuyên đề, các dạng bài tập trong chương trình Hóa 3 lớp là một điều hết sức cần thiết. Chính vì những điều này đã thôi thúc tôi và nhà sách Lovebook cùng nhau phối hợp tạo nên cuốn sách “Công phá bài tập Hóa 10-11-12” này\r\n\r\nTrong cuốn sách này bạn sẽ:\r\n\r\n==> Thử thách bản thân với hàng loạt bài tập phân bổ đều cả 3 lớp 10-11-12, được chọn lọc kĩ càng. Cả cuốn sách được chia thành 20 chương theo từng dạng bài cụ thể và 10 chương theo từng phương pháp giải bài tập điển hình. Các bài tập trong cuốn sách đều là những bài tập điển hình và quen thuộc nhất trong các đề thi thử THPT quốc gia và chính các bài kiểm tra trên lớp của các em học sinh. Ngoài các ví dụ giúp các bạn định hình dạng toán, cuốn sách còn bao hàm rất nhiều bài tập tự luyện có đáp án, giúp các bạn giải quen dạng và quen tay, nhằm tối ưu hóa thời gian khi làm các đề thi. \r\n\r\n==> Tiếp cận các phương pháp giải Hóa học tối ưu nhất. Các phương pháp trong cuốn sách đều là các phương pháp được chọn lọc kĩ càng, đồng thời được trình bày cẩn thận và rõ ràng với lời hướng dẫn chi tiết… Cuốn sách dễ hiểu, dễ học ngay cả với những bạn mới bắt đầu tiếp xúc với Hóa học.\r\n\r\n==> Một lối viết, lối trình bày hoàn toàn khác biệt so với tất cả các sách trên thị trường. Gần như tất cả các bài tập, tôi đều cố gắng giải chi tiết nhất có thể. Cũng như các dòng sách “Công Phá” khác của Lovebook, các bài tập điển hình ở phần Ví Dụ Minh Họa được trình bày giải chi tiết kết hợp với các Chú ý, Study tips, nhận xét,… ở lề trái. \r\n\r\n Ngay cả ở phần trình bày đáp án chi tiết của mục BÀI TẬP RÈN LUYỆN KĨ NĂNG, mặc dù phải trình bày 2 cột nhưng chúng tôi cũng luôn chú trọng, nhấn mạnh những vấn đề cốt lõi mà các em cần khắc ghi: \r\n\r\n610 trang sách là kết quả của quá trình lao động miệt mài không chỉ của riêng tôi mà còn của cả đội ngũ anh chị em phòng biên tập, chế bản nhà sách Lovebook. Tôi mong những nỗ lực, tận tụy, tâm huyết của chúng tôi sẽ lan tỏa tới các em học sinh. Tôi hi vọng cuốn sách này sẽ giúp ích cho các em trong quá trình hoàn thiện kiến thức, gặt hái thành công trong các kì thi Hóa ở cấp THPT sắp tới. Tôi mong rằng “Công phá bài tập Hóa 10-11-12” sẽ như một người bạn thân đồng hành cùng các em trên con đường chinh phục những ước mơ của mình.\r\n\r\nChúc các em học tốt và thật thành công!', 12, 2, 25, '2021-07-11 02:25:01', '2021-07-06 08:44:44', 0),
(28, 'Bồi Dưỡng Học Sinh Giỏi Qua Các Kì Thi Chuyên Đề Lí Luận Văn Học', 'ThS. Nguyễn Thành Huân', '/user/images/book/hoc-sinh-gioi-van-hoc.png', 11, 0, 2, 208, 'ycFGn7DA8Z', 124000, 0, 'Mỗi chuyên đề đều được vận dụng để ra đề theo từng dạng văn cụ thể khác nhau như: Thuyết minh, Biểu cảm, Tự sự, Nghị luận văn học, Nghị luận xã hộ giúp các em có thể được tiếp xúc với việc ra đề đa dạng hơn, từ đó linh hoạt hơn trong cách làm bài. Mỗi đề văn đều có phần hướng dẫn dàn ý, ý chính và bài văn mẫu giúp các em hiểu sâu hơn, rèn luyện được kĩ năng phân tích đề và làm bài được trau chuốt hơn.\r\n\r\nĐây là tài liệu tham khảo vô cùng hữu ích giúp các em học tốt môn Ngữ Văn và chuẩn bị cho các kì thi.', 12, 2, 75, '2021-07-11 02:25:01', '2021-07-06 08:47:29', 0),
(29, 'Storytelling With Data - Kể Chuyện Thông Qua Dữ Liệu (Cuốn Cẩm Nang Hướng Dẫn Trực Quan Hóa Dữ Liệu)', 'Cole Nussbaumer Knaflic', '/user/images/book/ke-chuyen-thong-qua-du-lieu.png', 13, 0, 2, 280, 'WlTopfYIMh', 319000, 0, 'Ắt hẳn ai trong chúng ta cũng đều đã từng là nạn nhân của những bản thuyết trình tra tấn thị giác, hay phải choáng váng với những ma trận phông chữ, màu sắc, những mục đầu dòng và thông tin đáng lưu tâm rồi. Chính chúng ta, dù không cố tình, nhiều lúc cũng có thể khiến người khác bị bội thực dữ liệu đến nỗi không thể chú ý vào các kết quả nghiên cứu quan trọng bên trong.\r\n\r\nCó thể đa phần mọi người nhận thức được nhu cầu truyền đạt thông tin hiệu quả thông qua dữ liệu nhưng lại cảm thấy mình không đủ khả năng chuyên môn. Thật hiếm có ai thành thạo nghiệp vụ trực quan hóa dữ liệu.\r\n\r\nDù công nghệ đã giúp nâng tầm khả năng tiếp cận và tính hữu dụng của những công cụ xử lý dữ liệu, vẫn còn đó những hố đen mang tên “áp dụng hiệu quả”. Nền tảng công cụ mặc định và những công đoạn thực hành chung chung có xu hướng khiến cho dữ liệu, cùng những câu chuyện ta muốn truyền đạt qua đó, bị khiếm khuyết đến đáng thương.\r\n\r\nViệc có thể trực quan hóa và kể chuyện thông qua dữ liệu chính là chìa khóa giúp ta biến dữ liệu thành thông tin cần thiết, từ đó đưa ra những quyết định chuẩn xác hơn.\r\n\r\nCuốn sách dành cho:\r\n\r\nCuốn sách này dành cho bất kỳ ai có nhu cầu truyền đạt thông tin đến người khác thông qua con đường dữ liệu. Những đối tượng này bao gồm (nhưng dĩ nhiên không hề giới hạn bởi): những nhà phân tích cần chia sẻ kết quả nghiên cứu của mình, những học sinh/sinh viên cần trực quan hóa dữ liệu trong luận văn của mình, những nhà quản lý đang cần truyền đạt thông tin qua con đường dữ liệu, những mạnh thường quân muốn chứng minh tầm ảnh hưởng của họ, cũng như những vị quản lý muốn truyền đạt thông tin đến ban lãnh đạo của họ.\r\n\r\nCấu trúc cuốn sách:\r\n\r\nCuốn sách này được phân chia dựa theo một chuỗi những bài học tổng quát. Mỗi chương sẽ tập trung trình bày duy nhất một bài học chính yếu cùng các khái niệm liên quan. Tác giả sẽ cùng thảo luận về lý thuyết nhằm giúp các bạn hiểu rõ hơn. Tuy nhiên, cô sẽ chú trọng vào khía cạnh áp dụng thực tiễn lý thuyết qua những ví dụ cụ thể, thực tế.\r\n\r\nNhững bài học được đề cập không giới hạn trong một ngành nghề hay vai trò nào, nhưng sẽ tập trung vào những khái niệm căn bản và ví dụ thực tiễn nhất về mảng truyền đạt thông điệp qua dữ liệu hiệu quả.\r\n\r\nNhững bài học được đề ra trong cuốn sách này sẽ giúp bạn thay đổi tư duy từ “trình bày dữ liệu” sang “kể chuyện thông qua dữ liệu”.', 6, 2, 14, '2021-07-06 08:50:41', '2021-07-06 08:50:41', 0),
(30, 'Không Sợ Chậm Chỉ Sợ Dừng', 'Vãn Tình', '/user/images/book/khong-so-cham-chi-so-dung.png', 13, 0, 2, 364, 'L8i9HH2fhc', 128000, 0, 'Không Sợ Chậm Chỉ Sợ Dừng\r\n“Nhiều người không hiểu được vì sao một số người lại có thể sống kỷ luật như vậy. Rốt cuộc làm thế nào để họ có thể duy trì được nếp sống như thế? Họ có bí quyết gì không?\r\nThật ra tất cả những người có thể sống tự giác và kỷ luật đều chỉ có một lý do: Họ đã được nếm thử ‘trái ngọt’ mà sự kỷ luật đó mang lại!”\r\nVãn Tình được coi như “nữ hoàng” của dòng sách cảm hứng dành cho phái nữ và từng tạo nên một làn sóng thay đổi tư duy tích cực của hàng vạn phụ nữ Việt Nam qua tác phẩm Bạn đắt giá bao nhiêu?\r\nVẫn là những quan điểm thẳng thắn và đánh trúng tâm lý các cô gái, sự trở lại của Vãn Tình với Không sợ chậm Chỉ sợ dừng mang một hơi thở mới, trung tính hơn, là những bài học đắt giá không chỉ dành cho phái nữ mà còn cả nam giới, về sức mạnh của tính kỷ luật và tự giác để có thể trở thành phiên bản tốt hơn mỗi ngày.\r\nKhi bạn càng Kỷ luật, bạn sẽ càng tới gần Tự do.\r\nCác tác phẩm của Vãn Tình đã xuất bản ở Việt Nam bởi Bloom Books:\r\n- Bạn đắt giá bao nhiêu? (3/2018)\r\n- Khí chất bao nhiêu – Hạnh phúc bấy nhiêu (8/2018)\r\n- Không tự khinh bỉ – Không tự phí hoài (6/2019)\r\n-Lấy tình thâm mà đổi đầu bạc (11/2019)', 9, 2, 17, '2021-07-06 08:53:30', '2021-07-06 08:53:30', 0),
(31, 'Công Phá Kỹ Thuật Casio', 'Nguyễn Ngọc Nam', '/user/images/book/ky-thuat-CASIO.png', 8, 0, 2, 226, 'qBqHVWZtDa', 179000, 0, 'Cuốn sách này giúp các em khai thác triệt để công dụng MTCT trong quá trình học Toán lớp 10. Trong sách, chúng tôi có đề cập tới máy Casio 570 Vn plus-Vinacal 570ES Plus II và Casio fx 580VNX. \r\n\r\nNgoài ra, 2 cuốn sách này cũng có thể giúp các thầy cô giáo lên giáo án một cách thuận tiện hơn. Thầy cô giáo hoàn toàn có thể sử dụng hệ thống bài tập rèn luyện phong phú cùng với bài kiểm tra sau mỗi chủ đề để làm bài tập giao cho học sinh luyện tập, tiết kiệm được rất nhiều thời gian sưu tầm, biên soạn. \r\n\r\nChúng tôi tin tưởng chắc chắn rằng, Combo Công Phá Toán lớp 10 sẽ giúp các em tiến bộ rất nhiều trong quá trình học Toán trên lớp, đặc biệt các em tự học ở nhà sẽ có thêm công cụ hỗ trợ đắc lực.', 12, 2, 10, '2021-07-11 02:25:01', '2021-07-06 09:02:12', 0),
(32, 'I Will Be Better - Những Câu Chuyện Truyền Cảm Hứng: Mẹ Không Phải Người Giúp Việc', 'Yuman', '/user/images/book/me-khong-phai-nguoi-giup-viec.png', 1, 0, 2, 192, 'kIuggMLqVH', 54000, 29700, '“Mẹ không phải người giúp việc” kể những câu chuyện về tinh thần học tập miệt mài.\r\nMỗi nhân vật trong cuốn sách này đều kể những câu chuyện rất riêng về quá trình học tập của mình. Trên con đường trưởng thành, nếu biết tự nhận thức bản thân, hiểu rõ mục tiêu phát triển của mình, bồi đắp lòng tự tin, dám đối mặt với thử thách và kiên trì phát huy năng lực bản thân, chúng ta đều có thể thực hiện được ước mơ và trở nên tốt đẹp hơn, thành công hơn.\r\n\r\nBộ sách “Những câu chuyện truyền cảm hứng” được chia thành các chủ đề thiết thực, giúp bạn đọc nhỏ tuổi tìm hiểu và rèn những thói quen, đức tính tốt. Mỗi cuốn gồm nhiều câu chuyện nhỏ, trong đó có cả những hồi ức đáng nhớ của các nhân vật nổi tiếng trên thế giớ Mong rằng bộ sách sẽ trở thành bạn đồng hành tích cực, cùng các em bước vào tương lai rực rỡ.', 2, 2, 26, '2021-07-11 02:29:01', '2021-07-06 09:06:18', 0),
(33, 'Nghệ Thuật đầu tư Dhandho - The Dhandho Investor', 'Mohnish Pabrai', '/user/images/book/nghe-thuat-dau-tu.png', 8, 0, 0, 260, 'suMaPUsRic', 238000, 0, 'Khi nhắc tới đầu tư giá trị, chúng ta không thể không nhắc đến người đàn ông lỗi lạc, người được ví như một “Warren Buffett đời thứ hai”, đó là Mohnish Pabrai.\r\n\r\nThuộc diện sinh sau đẻ muộn lại không được đào tạo bài bản về tài chính nhưng nhưng Mohnish Pabrai đã trở thành một nhà đầu tư vô cùng thành công. Ông được xếp vào hàng ngũ những nhà đầu tư giá trị nổi danh thế hệ mới cùng Phil Town, Guy Spier, Seth Klarman; những con người kế thừa một cách xuất sắc phương pháp đầu tư của các bậc “tiền bối” Benjamin Graham, Warren Buffett và Charlie Munger. Mohnish được biết tới bởi cách tiếp cận cực kì thành công trong dài hạn với thành tích đáng nể: đạt lãi kép tới 18.8%/năm suốt giai đoạn khó khăn của thị trường chứng khoán Hoa Kỳ từ 1999-2008 (thị trường chung chỉ mang lại mức lợi nhuận khoảng 1%) và biến 1 triệu đô la ban đầu của trong quỹ đầu tư của mình (năm 1999) tăng trưởng thành 400 triệu đô la ngày nay.\r\n\r\nLối tiếp cận truyền thống của hầu hết các nhà đầu tư trên thực tế luôn là “Rủi ro cao, lợi nhuận cao” nhưng với Mohnish Pabrai thì không nhất thiết phải như vậy. “Rủi ro thấp, lợi nhuận cao” đó là tất cả những gì ông tìm kiếm.\r\n\r\nMohnish Pabrai thông qua cuốn sách nổi tiếng của mình - “Nghệ Thuật Đầu Tư Dhandho – The Dhandho Investor” sẽ từng bước chỉ ra cho chúng ta những đặc điểm và cách thức đầu tư mà ông đã áp dụng rất hiệu quả trong thực tế. Và thật là may mắn những “túi khôn” và trí tuệ của Mohnish sẽ đến và đi thẳng vào đầu chúng ta bằng lối viết và kể chuyện đơn giản, dễ hiểu.\r\n\r\n“Ngửa thì tôi thắng, sấp thì tôi chẳng thiệt bao nhiêu” đó chính là nguyên tắc lặp đi lặp lại trong cuốn sách thông qua hàng loạt các thí dụ về những ngành nghề, những doanh nhân, và những cơ hội kinh doanh khác nhau. Bạn sẽ hiểu được nguyên nhân vì sao những người Patel, một dân tộc thiểu số Ấn Độ di cư sang Mĩ năm 1970, với số dân vô cùng ít ỏi, lại có thể vươn lên chiếm tới 50% thị phần ngành nghề kinh doanh nhà nghỉ (Motel) tại Mỹ, vì sao doanh nhân Richard Branson lại đạt được thành công lớn với tập đoàn Virgin, vì sao “Vua” thép Ấn Độ Lakshmi Mittal lại là ông hoàng trong lĩnh vực của mình.\r\n\r\nHãy tập trung nghiên cứu và đầu tư vào những công ty bán những sản phẩm mà tất cả mọi người cần; hãy đầu tư vào những công ty có xác suất thay đổi và buộc phải thay đổi ít nhất, những công ty có rủi ro thấp và tính bất định cao; hãy biết chờ đợi và đặt cược lớn khi lợi thế nghiêng về phía mình; hãy cược ít, cược lớn và cược không thường xuyên; hãy mua khi những người khác tuyệt vọng. Đó là tất cả những gì bạn cần phải làm khi đầu tư theo phong cách của Mohnish Pabrai.\r\n\r\nNHẬN XÉT VỀ SÁCH\r\n\r\nMonish Pabrai là một người có tư tưởng sắc sảo, ông thích giải mã thế giới tài chính huyền bí đồng thời cũng là người xâu chuỗi câu chuyện đến tài tình. Cho dù bạn hoang mang thế nào trước những thế lực đứng sau sự bấp bênh của giá cổ phiếu trên Phố Wall hay bạn biết chắc mình đã tỏ đi nữa, bạn cũng sẽ hiểu thấu đáo hơn khi đọc cuốn sách này. Monish Pabrai dẫn ra câu chuyện của những ông trùm kinh doanh và bài thẩm tra thông minh nhằm chắt lọc các nguyên tắc cốt lõi mang giá trị sâu sắc. Tất cả được đóng gói thành bộ ý tưởng hữu ích mà bạn nên vận dụng vào chính quá trình đầu tư của mình.\r\n\r\n-  Srephane Fitch, Giám đốc Forbes châu Âu\r\n\r\n \r\n\r\nTôi đọc Nghệ thuật đầu tư Dhandho liền một mạch vì không kìm lòng nổi. Mohnish chia sẻ những “bí mật” tạo nên thành công bứt phá của mình và ghi công vào kho tàng đầu tư giá trị.\r\n\r\n-  Whitney Tilson, quản lý điều hành kinh doanh và sáng lập quỹ T2 Partners LLC, nhà sáng lập Hội nghị đầu tư giá trị (Value Investing Congress)\r\n\r\nNghệ thuật đầu tư Dhandho đã hoàn thành xuất sắc nhiệm vụ đơn giản hóa chiến lược đầu tư thành công. “Ngửa thì tôi thắng, sấp thì tôi chẳng thiệt bao nhiêu!” Tôi không phải mua toàn bộ doanh nghiệp, mà chỉ cần mua cổ phiếu của một vài doanh nghiệp đang niêm yết. Tôi muốn giới thiệu cuốn sách này cho bất cứ ai muốn trau dồi kỹ năng đầu tư của mình. \r\n\r\n-  Pattrick Fitzgerald, Chủ tịch của quỹ Fitzgerald Management', 4, 2, 18, '2021-07-06 09:16:14', '2021-07-06 09:16:14', 0),
(34, 'Nhà Đầu Tư Thông Minh (Tái Bản 2020)', 'Benjamin Graham', '/user/images/book/nha-dau-tu-thong-minh.png', 13, 0, 2, 644, 'Aj29V6Ygau', 199000, 129350, 'Tác Phẩm Kinh Điển Về Tư Vấn Đầu Tư\r\n\r\nLà nhà tư vấn đầu tư vĩ đại nhất của thế kỷ 20, Benjamin Graham đã giảng dạy và truyền cảm hứng cho nhiều người trên khắp thế giới. Triết lý “đầu tư theo giá trị“ của Graham, bảo vệ nhà đầu tư khỏi những sai lầm lớn và dạy anh ta phát triển các chiến lược dài hạn, đã khiến Nhà đầu tư thông minh trở thành cẩm nang của thị trường chứng khoán kể từ lần xuất bản đầu tiên vào năm 1949.\r\n\r\nTrải qua năm tháng, diễn biến thị trường đã chứng minh tính sáng suốt trong các chiến lược của Graham. Trong khi vẫn giữ lại toàn vẹn văn bản ban đầu của Graham, ấn phẩm tái bản này bổ sung thêm bình luận cập nhật của ký giả chuyên về tài chính nổi tiếng Jason Zweig. Cái nhìn của Zweig bao quát hiện thực của thị trường ngày nay, vạch ra sự tương tự giữa những ví dụ của Graham và các tít báo về tài chính hiện nay, giúp bạn đọc có sự hiểu biết kỹ lưỡng hơn về cách thức áp dụng các nguyên tắc của Graham.\r\n\r\nSống động và cần thiết, Nhà đầu tư thông minh là cuốn sách quan trọng nhất mà bạn có dịp đọc về cách thức đạt được các mục tiêu tài chính của mình.', 1, 2, 18, '2021-07-11 02:29:01', '2021-07-06 09:18:16', 0),
(35, 'Nhà Giả Kim (Tái Bản 2020)', 'Paulo Coelho', '/user/images/book/nha-gia-kim.png', 7, 0, 2, 228, 'ljppptrrqP', 79000, 0, 'Sơ lược về tác phẩm\r\n\r\nTất cả những trải nghiệm trong chuyến phiêu du theo đuổi vận mệnh của mình đã giúp Santiago thấu hiểu được ý nghĩa sâu xa nhất của hạnh phúc, hòa hợp với vũ trụ và con người.\r\n\r\nTiểu thuyết Nhà giả kim của Paulo Coelho như một câu chuyện cổ tích giản dị, nhân ái, giàu chất thơ, thấm đẫm những minh triết huyền bí của phương Đông. Trong lần xuất bản đầu tiên tại Brazil vào năm 1988, sách chỉ bán được 900 bản. Nhưng, với số phận đặc biệt của cuốn sách dành cho toàn nhân loại, vượt ra ngoài biên giới quốc gia, Nhà giả kim đã làm rung động hàng triệu tâm hồn, trở thành một trong những cuốn sách bán chạy nhất mọi thời đại, và có thể làm thay đổi cuộc đời người đọc.\r\n\r\n“Nhưng nhà luyện kim đan không quan tâm mấy đến những điều ấy. Ông đã từng thấy nhiều người đến rồi đi, trong khi ốc đảo và sa mạc vẫn là ốc đảo và sa mạc. Ông đã thấy vua chúa và kẻ ăn xin đi qua biển cát này, cái biển cát thường xuyên thay hình đổi dạng vì gió thổi nhưng vẫn mãi mãi là biển cát mà ông đã biết từ thuở nhỏ. Tuy vậy, tự đáy lòng mình, ông không thể không cảm thấy vui trước hạnh phúc của mỗi người lữ khách, sau bao ngày chỉ có cát vàng với trời xanh nay được thấy chà là xanh tươi hiện ra trước mắt. ‘Có thể Thượng đế tạo ra sa mạc chỉ để cho con người biết quý trọng cây chà là,’ ông nghĩ.”\r\n\r\n- Trích Nhà giả kim\r\n\r\nNhận định\r\n\r\n“Sau Garcia Márquez, đây là nhà văn Mỹ Latinh được đọc nhiều nhất thế giới.”\r\n\r\n- The Economist, London, Anh\r\n\r\n“Santiago có khả năng cảm nhận bằng trái tim như Hoàng tử bé của Saint-Exupéry.”\r\n\r\n- Frankfurter Allgemeine Zeitung, Đức', 5, 2, 18, '2021-07-11 02:25:01', '2021-07-06 09:20:57', 0),
(36, 'Big Drawing Book - Cuốn Sách Khổng Lồ Vẽ Những Điều Nhỏ Bé', 'Fiona Watt,  Caroline Day,  Josephine Thompson', '/user/images/book/nhung-dieu-nho-be.png', 1, 0, 2, 100, 'nbsDguZOAS', 110000, 60500, 'Với Big drawing book - Cuốn sách khổng lồ vẽ những điều nhỏ bé, ước mơ làm họa sĩ của em chưa bao giờ dễ dàng đến thế. Chỉ cần làm theo từng bước rất đơn giản trong cuốn sách, em đã có thể vẽ được những chú cá heo đang ngụp lặn dưới biển, những hiệp sĩ canh gác lâu đài, những tên cướp biển trên một hòn đảo nhiệt đới, những chú ong đang bay vù vù và vô vàn những thứ hay ho khác nữ\r\nEm còn chần chừ gì nữa, hãy trổ tài làm họa sĩ từ ngay bây giờ thôi!', 2, 2, 4, '2021-07-11 02:29:01', '2021-07-06 09:23:51', 0),
(37, 'Nóng Giận Là Bản Năng , Tĩnh Lặng Là Bản Lĩnh', 'Tống Mặc', '/user/images/book/nong-gian-tinh-lang.png', 1, 0, 2, 264, 'OONeqWECvA', 89000, 0, 'Sai lầm lớn nhất của chúng ta là đem những tật xấu, những cảm xúc tiêu cực trút bỏ lên những người xung quanh, càng là người thân càng dễ gây thương tổn.\r\n\r\nCái gì cũng nói toạc ra, cái gì cũng bộc lộ hết không phải là thẳng tính, mà là thiếu bản lĩnh. Suy cho cùng, tất cả những cảm xúc tiêu cực của con người đều là sự phẫn nộ dành cho bất lực của bản thân. Nếu bạn đúng, bạn không cần phải nổi giận. Nếu bạn sai, bạn không có tư cách nổi giận.\r\n\r\nĐem một nắm muối bỏ vào cốc nước, cốc nước trở nên mặn chát. Đem một nắm muối bỏ vào hồ nước, hồ nước vẫn ngọt lành. Lòng người cũng vậy, càng nông cạn càng dễ biến chất, càng sâu sắc càng khó lung lay. Ý nghĩa của đời người không ngoài việc tu tâm dưỡng tính, để mở lòng ra bao la như biển hồ, trước những nắm muối thị phi của cuộc đời vẫn thản nhiên không xao động.', 6, 2, 19, '2021-07-06 09:26:32', '2021-07-06 09:26:32', 0),
(38, 'Phân Tích Chứng Khoán', 'Benjamin Graham, David L. Dodd', '/user/images/book/phan-tich-chung-khoan.png', 7, 0, 0, 828, 'hOqakGbOGj', 499000, 0, 'Phân Tích Chứng Khoán là một trong những cuốn sách tài chính có ảnh hưởng nhất thế giới từng được viết ra. Với hơn một triệu bản được bán ra thông qua năm phiên bản trước, Phân tích chứng khoán đã cung cấp cho các thế hệ nhà đầu tư những triết lý và kỹ thuật đầu tư vô cùng giá trị của Benjamin Graham và David L. Dodd.\r\n\r\nDựa trên nội dung của phiên bản thứ hai, được xuất bản năm 1940, phiên bản thứ 6 này bổ sung các tiểu luận sinh động và thực tế do những cây viết xuất sắc soạn thảo. Đội ngũ này bao gồm các nhà đầu tư giá trị lỗi lạc, một chuyên gia học thuật tài năng và các cây bút tài chính hàng đầu thế giới. Độc giả sẽ hưởng lợi từ kinh nghiệm và sự thông thái của các chuyên gia thực hành xuất sắc nhất trong thế giới tài chính và các nhà quan sát thị trường thạo tin nhất.\r\n\r\nPhân tích chứng khoán của tác giả Benjamin Graham và David Dodd được ví như “cuốn kinh thánh của đầu tư giá trị”. Cuốn sách là tác phẩm hoàn chỉnh và chi tiết, đầy ắp sự thông thái cho các thế hệ. Trong cuốn sách này, tác giả đã đưa ra những bài học hữu ích, phương pháp đầu tư với tính ứng dụng tuyệt vời đến ngày hôm nay. Không phải ngẫu nhiên mà Phân tích chứng khoán được Warren Buffett coi là “Một tấm bản đồ chỉ đường trong đầu tư mà tôi đã, đang và sẽ sử dụng.”\r\n\r\nPhân tích chứng khoán phiên bản 6 của Graham và Dodd đã được cải tiến rất nhiều so với 5 phiên bản trước. Tại phiên bản mới nhất này, quyển sách đã được bổ sung các bài tiểu luận trình bày cách thực hành của các nhà đầu tư giá trị hàng đầu thế giới, khiến giá trị của tác phẩm này càng trở nên quý giá. Ở phiên bản này, Phân tích chứng khoán được Morris Smith – Nhà đầu tư cá nhân hàng đầu đánh giá là phiên bản tuyệt vời nhất mà các nhà đầu tư nhất định phải đọc.\r\n\r\nVới 8 chương sách, Phân tích chứng khoán không chỉ đưa ra những bài học vô giá trong đầu tư giá trị mà còn khiến các nhà đầu tư có được sự tỉnh táo, lựa chọn khôn ngoan khi đối mặt với sự biến động thất thường trong quá trình đầu tư.', 4, 2, 18, '2021-07-06 09:28:35', '2021-07-06 09:28:35', 0),
(39, 'Phân Tích Chứng Khoán', 'Benjamin Graham, David L. Dodd', '/user/images/book/phan-tich-chung-khoan.png', 7, 0, 0, 828, 'hOqakGbOGj', 499000, 0, 'Phân Tích Chứng Khoán là một trong những cuốn sách tài chính có ảnh hưởng nhất thế giới từng được viết ra. Với hơn một triệu bản được bán ra thông qua năm phiên bản trước, Phân tích chứng khoán đã cung cấp cho các thế hệ nhà đầu tư những triết lý và kỹ thuật đầu tư vô cùng giá trị của Benjamin Graham và David L. Dodd.\r\n\r\nDựa trên nội dung của phiên bản thứ hai, được xuất bản năm 1940, phiên bản thứ 6 này bổ sung các tiểu luận sinh động và thực tế do những cây viết xuất sắc soạn thảo. Đội ngũ này bao gồm các nhà đầu tư giá trị lỗi lạc, một chuyên gia học thuật tài năng và các cây bút tài chính hàng đầu thế giới. Độc giả sẽ hưởng lợi từ kinh nghiệm và sự thông thái của các chuyên gia thực hành xuất sắc nhất trong thế giới tài chính và các nhà quan sát thị trường thạo tin nhất.\r\n\r\nPhân tích chứng khoán của tác giả Benjamin Graham và David Dodd được ví như “cuốn kinh thánh của đầu tư giá trị”. Cuốn sách là tác phẩm hoàn chỉnh và chi tiết, đầy ắp sự thông thái cho các thế hệ. Trong cuốn sách này, tác giả đã đưa ra những bài học hữu ích, phương pháp đầu tư với tính ứng dụng tuyệt vời đến ngày hôm nay. Không phải ngẫu nhiên mà Phân tích chứng khoán được Warren Buffett coi là “Một tấm bản đồ chỉ đường trong đầu tư mà tôi đã, đang và sẽ sử dụng.”\r\n\r\nPhân tích chứng khoán phiên bản 6 của Graham và Dodd đã được cải tiến rất nhiều so với 5 phiên bản trước. Tại phiên bản mới nhất này, quyển sách đã được bổ sung các bài tiểu luận trình bày cách thực hành của các nhà đầu tư giá trị hàng đầu thế giới, khiến giá trị của tác phẩm này càng trở nên quý giá. Ở phiên bản này, Phân tích chứng khoán được Morris Smith – Nhà đầu tư cá nhân hàng đầu đánh giá là phiên bản tuyệt vời nhất mà các nhà đầu tư nhất định phải đọc.\r\n\r\nVới 8 chương sách, Phân tích chứng khoán không chỉ đưa ra những bài học vô giá trong đầu tư giá trị mà còn khiến các nhà đầu tư có được sự tỉnh táo, lựa chọn khôn ngoan khi đối mặt với sự biến động thất thường trong quá trình đầu tư.', 4, 2, 18, '2021-07-08 12:46:09', '2021-07-06 09:28:35', 1);
INSERT INTO `sach` (`Id`, `Ten_Sach`, `Tac_Gia`, `Anh_Bia`, `Nha_Xuat_Ban`, `Phien_Ban`, `Loai_Bia`, `So_Trang`, `SKU`, `Gia_Tien`, `Gia_Khuyen_Mai`, `Mo_Ta`, `The_Loai`, `Trang_Thai`, `So_Luong`, `updated_at`, `created_at`, `is_deleted`) VALUES
(40, 'Phương pháp VPA - Kỹ thuật nhận diện Dòng Tiền Thông Minh bằng Hành Động Giá kết hợp Khối Lượng Giao Dịch', 'Anna Coulling', '/user/images/book/phuong-phap-VPA.png', 14, 0, 0, 316, 'Ti4wK0rxhJ', 357000, 0, 'Phương pháp VPA - Volume Price Analysis - là một phương pháp Price Action hiệu quả, phân tích thị trường dựa trên sự kết hợp giữa biểu đồ giá, biểu đồ nến, các chu kỳ thị trường và khối lượng giao dịch để nhận diện những hành động của nhà giao dịch nội bộ/ tổ chức lớn/ dòng tiền thông minh, từ đó giúp nhà giao dịch nhỏ lẻ có thể đi thuận theo dòng chảy thị trường.\r\n\r\n Nội dung sách “Phương Pháp VPA - Kỹ thuật nhận diện Dòng Tiền Thông Minh bằng Hành Động Giá kết hợp Khối Lượng Giao Dịch”\r\n\r\nCó một bất ngờ rằng, phương pháp VPA (Phân tích giá cả kết hợp khối lượng) này, được các nhà giao dịch nổi tiếng như Charles Dow, Jesse Livermore và Richard Wyckoff sử dụng. Họ đã tạo nên lượng tài sản lớn khi ứng dụng phương pháp này, từng chi tiết sẽ được giải thích rõ trong quyển sách. Bao gồm:\r\n\r\n   -   Cách thức vận hành thị trường từ góc độ dòng tiền thông minh/ nhà giao dịch nội bộ/ nhà tạo lập thị trường/ tổ chức tài chính lớn.\r\n\r\n   -   Cách phát hiện những tín hiệu giao dịch của dòng tiền thông minh thông qua mối quan hệ biểu đồ giá - khối lượng giao dịch.\r\n\r\n   -   Cách đọc mô hình nến kết hợp khối lượng giao dịch.\r\n\r\n   -   Hướng dẫn phương pháp Price Action kết hợp 3 khía cạnh gồm Giá - Khối Lượng Giao Dịch - Thời Gian.\r\n\r\n   -   Những tín hiệu cực điểm (climax), đảo chiều, bắt đầu xu hướng theo mô hình biểu đồ - khối lượng giao dịch.\r\n\r\n   -   Những ví dụ cụ thể trên thị trường chứng khoán, thị trường tiền tệ (forex) và có thể áp dụng vào cả thị trường tiền thuật toán (crypto).\r\n\r\nVề tác giả Anna Coulling\r\n\r\nAnna Coulling là một nhà giao dịch độc lập với hơn 20 năm kinh nghiệm. Trong suốt thời gian đó, bà đã giao dịch trên mọi thị trường và bằng mọi loại indicator cũng như công cụ. Hiện tại, bà tập trung vào giao dịch tiền tệ và hàng hóa.\r\n\r\nPhương pháp giao dịch của Anna Coulling chủ yếu là kỹ thuật sử dụng phân tích giá theo khối lượng làm chỉ báo hàng đầu về hướng thị trường. Trong giao dịch, bà phân tích thị trường giao ngay và thị trường tương lai.\r\n \r\n\r\nSách “Phương Pháp VPA - Kỹ thuật nhận diện Dòng Tiền Thông Minh bằng Hành Động Giá kết hợp Khối Lượng Giao Dịch” phù hợp với đối tượng nào?\r\n\r\n   -   Những nhà giao dịch muốn hiểu biết về cách thức vận hành/ tác động lên thị trường của những “thế lực” lớn, dòng tiền thông minh, tổ chức tài chính chuyên nghiệp.\r\n\r\n   -   Những nhà giao dịch muốn nâng cấp phương pháp giao dịch Price Action thêm phần hiệu quả.\r\n\r\n   -   Những nhà giao dịch muốn đọc chu kỳ thị trường, mô hình biểu đồ, mô hình nến và khối lượng giao dịch tốt hơn.\r\n\r\n Giới thiệu Dịch Giả\r\n\r\nPhương pháp VPA được chuyển ngữ bởi anh Khưu Bảo Khánh và hiệu đính bởi anh Dương Huy, đều là cá nhân trải nghiệm nhiều năm trên thị trường tài chính, đảm bảo chất lượng dịch thuật/ hiệu đính. Dưới đây là một số thông tin của dịch giả và hiệu đính:\r\n\r\n   -   Anh Khưu Bảo Khánh: bắt đầu giao dịch trên thị trường tài chính (chứng khoán, tiền tệ, tiền thuật toán) từ năm 2013. Anh có bằng thạc sĩ tài chính và hiện là giảng viên. Anh đồng thời là biên tập viên của diễn đàn TraderViet.\r\n\r\n   -   Anh Dương Huy: tham gia vào lĩnh vực tài chính từ năm 2007 và đã giao dịch nhiều sản phẩm, thị trường khác nhau. Anh hiện là quản trị viên diễn đàn TraderViet.\r\n\r\n Mục lục sách “Phương Pháp VPA - Kỹ thuật nhận diện Dòng Tiền Thông Minh bằng Hành Động Giá kết hợp Khối Lượng Giao Dịch”\r\n\r\nSách Phương Pháp VPA bản tiếng Việt bìa cứng, gồm 316 trang chia làm 12 chương:\r\n\r\nChương 1: Không có gì mới trong giao dịch cả\r\n\r\nChương 2: Tại sao cần phải quan tâm đến khối lượng giao dịch\r\n\r\nChương 3: Giá đúng\r\n\r\nChương 4: Phân tích giá cả kết hợp khối lượng - Những nguyên tắc đầu tiên\r\n\r\nChương 5: Phân tích giá cả kết hợp khối lượng - Vẽ một bức tranh lớn\r\n\r\nChương 6: Phân tích giá cả kết hợp khối lượng - Cấp độ tiếp theo\r\n\r\nChương 7: Giải thích về kháng cự và hỗ trợ\r\n\r\nChương 8: Xu hướng và đường xu hướng linh động\r\n\r\nChương 9: Khối lượng theo giá (Volume At Price - VAP)\r\n\r\nChương 10: Các ví dụ về phân tích giá kết hợp khối lượng\r\n\r\nChương 11: Kết hợp mọi thứ với nhau\r\n\r\nChương 12: Giá cả và Khối lượng - Thế hệ tiếp theo', 4, 2, 20, '2021-07-06 09:32:11', '2021-07-06 09:32:11', 0),
(41, 'Siêu Cò – How To Be A Power Connector', 'Judy Robinett', '/user/images/book/sieu-co.png', 13, 0, 0, 352, 'poRa2ehCeX', 249000, 0, '“Có rất nhiều hướng dẫn cách “kết nối các mối quan hệ” và quyển sách này đối với tôi mà nói nó còn hơn cả một cuốn sách hướng dẫn. Nó một cuốn sách đáng tham khảo. Trước khi tôi bắt đầu áp dụng một hệ thống theo dõi, trước khi tôi tham dự một hội nghị, trước khi tôi tiếp cận một người có ảnh hưởng cao cấp khác, tôi sẽ đọc lại các chương liên quan.\r\n\r\nTôi cảm thấy rằng những người đang cố gắng để thành công trong kinh doanh và những người chưa đọc cuốn sách này đang gặp bất lợi khi không biết được các bí mật trong quyển sách Siêu Cò. Lời khuyên của tôi: hãy nhanh tay mua và đọc nó sớm nhất có thể.”\r\n\r\nDennis Coates – Tác giả, diễn giả và CEO của Performance Support System\r\n\r\nCuốn sách Siêu Cò sẽ giúp bạn trở thành chuyên gia siêu kết nối. Tác giả Judy Robinett chia sẻ quy tắc 5 + 50 + 100 để đảm bảo bạn biết ai là người chủ chốt trong mạng lưới quan hệ của bạn. Tôi may mắn có được một mạng lưới rộng lớn gồm những người tuyệt vời và những gợi ý thiết thực của Judy đã giúp tôi suy nghĩ một cách chiến lược về họ. Trên hết, Judy rất hào phóng với mạng lưới của chính mình và khuyến khích bạn cũng vậy; nếu bạn vẫn còn e ngại và dè dặt, đừng bận tâm. Đây là quyển sách đáng đọc.\r\n\r\nMichele Wucker – Tác giả THE GRAY RHINO', 4, 2, 75, '2021-07-06 09:34:42', '2021-07-06 09:34:42', 0),
(42, 'Combo Truyện Tranh Song Ngữ Việt - Anh Cho Bé (12 Tập)', 'Sirilak Rattanasuwaj, Kannawan Pannawan', '/user/images/book/song-ngu-viet-anh.png', 10, 0, 2, 500, 'S1zjZLIRuz', 180000, 117000, 'Theo đa số các nghiên cứu khoa học, dạy ngoại ngữ cho trẻ em từ khi còn nhỏ tuổi mang đến rất nhiều lợi ích:\r\n\r\n1. Tư duy phóng khoáng và sẵn sàng tiếp thu điều mới mẻ\r\n\r\n2. Cơ hội nghề nghiệp tốt hơn trong tương lai\r\n\r\n3. Dễ dàng hơn khi học những ngôn ngữ khác trong giai đoạn sau này của cuộc đời\r\n\r\n4. Được hưởng sự giáo dục văn hóa đa dạng hơn (với văn học, phim ảnh, âm nhạc…)\r\n\r\n5. Khả năng tập trung cao hơn\r\n\r\n6. Khả biến thần kinh (giúp thông minh hơn)\r\n\r\n7. Làm chậm lại sự khởi phát bệnh Alzheimer so với những người chỉ dùng một ngôn ngữ…\r\n\r\nBộ Truyện tranh song ngữ Việt-Anh cho bé gồm 12 tập là 12 câu chuyện được kể bằng tiếng Việt và tiếng Anh. Mỗi câu chuyện không chỉ mang đến những giờ phút giải trí vui vẻ, mà còn chứa đựng bài học bổ ích, khuyến khích các bé phát triển lối sống lành mạnh, có trách nhiệm, và giúp cải thiện vốn từ vựng tiếng Anh. Đây chắc chắn sẽ là món quà tuyệt vời để các bậc cha mẹ dành tặng cho những “nhà ngôn ngữ học bé nhỏ” của mình.', 1, 2, 18, '2021-07-11 02:29:01', '2021-07-06 09:37:11', 0),
(43, 'Sứ mệnh khởi nghiệp', 'MJ DeMarco', '/user/images/book/su-menh-khoi-nghiep.png', 13, 0, 2, 355, 'nG8ypDPJzR', 399000, 0, 'Cuốn sách này sẽ giúp bạn nhận thức ra sự thật, định hướng lại bản thân, cung cấp các cách thức, nguyên tắc và chiến lược cả về phát triển bản thân và khởi nghiệp để tìm lại cuộc sống tự do cả về thời gian và các phương tiện vật chất đầy đủ để sống trọn vẹn, mãn nguyện và hạnh phúc.\r\n\r\nNỘI DUNG SÁCH SỨ MỆNH KHỞI NGHIỆP\r\nSách gồm 5 phần, 49 chương, 335 trang gồm cả quá trình phát triển nhận thức, phát triển bản thân, chiến lược khởi nghiệp, chiến lược thực thi xuất sắc, thiết lập hệ thống thu nhập thụ động.\r\n\r\nPHẦN I\r\nChỉ ra những vấn đề đang ám ảnh bạn từ khi bạn đủ trưởng thành để có việc làm. Bạn đã mơ hồ nhận ra và bây giờ đang lo sợ khi sống với nó.\r\n\r\nXác định những kịch bản tinh vi đã và đang kiểm soát cuộc đời nhằm chỉ ra “có điều gì đó” không ổn.\r\n\r\nBạn muốn làm điều gì đó có ý nghĩa trong cuộc đời mình. Tiền tài. Danh vọng. CEO. Tự do. Dành thời gian chăm sóc con cái. Bạn muốn hài lòng, tự hào và mãn nguyện. Nhưng bây giờ điều đó chỉ còn là đống hóa đơn cần thanh toán, chỉ còn là cái bàn làm việc, chỉ còn là một cuộc sống tẻ nhạt.\r\n\r\nTại sao lại vậy? Chuyện gì đã xảy ra?\r\n\r\nPHẦN 2\r\nChỉ ra những ràng buộc tiềm ẩn trong văn hóa, xã hội đã và đang chi phối cuộc đời bạn. Để chiến thắng, bạn phải hiểu rõ đối thủ.\r\n\r\nPHẦN 3\r\nChỉ ra những cơ hội của bạn khi tự do khỏi sự chi phối của Kịch Bản Cuộc Đời và cách thức để bắt đầu hành trình biến khát vọng thành sự thật.\r\n\r\nPHẦN 4\r\nĐây là phần trọng yếu của cuốn sách này với mục đích là đem đến cho bạn bản đồ định hướng để thực thi sứ mệnh khởi nghiệp, bao gồm cả quá trình phát triển bản thân và các bước hành động.\r\n\r\nPHẦN 5\r\nĐể nhấn mạnh tầm quan trọng của tất cả năm phần trong mô hình Sứ mệnh khởi nghiệp và chỉ ra các cách thức để tạo dựng thu nhập thụ động cho cả phần đời còn lại của bạn.\r\n\r\nTÁC GIẢ MJ DEMARCO\r\nMJ DeMarco khởi nghiệp thành công và trở thành triệu phú từ những năm ngoài 30 tuổi.\r\n\r\nTrước khi trở thành tác giả, ông khởi nghiệp thành công với trang web Limos.com (1997). Ông bán công ty vào năm 2001 nhưng sau đó mua lại. Vào năm 2007, ông bán công ty một lần nữa và trở thành triệu phú.\r\n\r\nÔng hiện đã đạt được tự do tài chính và có cuộc sống tự do lựa chọn làm những gì mình muốn. Sách của ông đứng vị trí bán chạy nhất trong nhiều chuyên mục về kinh doanh, khởi nghiệp và phát triển bản thân và đã được dịch ra hơn 15 ngôn ngữ và được phổ biến rộng rãi trên toàn thế giới.\r\n\r\nHiện tại, ông sáng lập nhà xuất bản Viperon và quản lý diễn đàn Fastlane – diễn đàn hàng đầu dành riêng cho doanh nhân, khởi nghiệp, tài chính và kinh doanh.\r\n\r\nCHÌA KHÓA MỞ RA CUỘC SỐNG TỰ DO HẠNH PHÚC\r\nCuộc sống tự do làm những gì bạn muốn, ở bất kỳ đâu, bất kỳ khi nào.\r\n\r\nĐó là cuộc sống mà mỗi sáng bạn thốt lên: “Cuộc sống của tôi thật tuyệt vời.” Bạn sống trong căn nhà mơ ước, không có nợ ngân hàng, không có đồng hồ báo thức, không phải báo cáo, xin phép ai.\r\n\r\nĐó là cuộc sống đáng sống trong từng phút giây theo chủ ý của bản thân bạn với thu nhập thụ động trọn đời và có đầy đủ phương tiện vật chất để làm điều bạn mơ ước.\r\n\r\nĐừng nhầm lẫn nhé! Cuộc sống như thế là có thật.\r\n\r\nTôi biết điều đó vì tôi đã sống như thế trong gần 20 năm qua.\r\n\r\nVà chỉ trong một vài năm, bạn cũng có thể làm được. Bạn không cần phải mất 5 thập kỷ để cày ải với công việc nhàm chán và cố gắng dè sẻn đầu tư.\r\n\r\nĐiều không may là bạn đã bị nhồi sọ rằng cuộc sống như thế chỉ dành cho một số ít những người may mắn.\r\n\r\nĐiều đó hoàn toàn không đúng. Bạn không sinh ra để làm nô lệ cho công việc hay cho bất kỳ điều gì.\r\n\r\nCuốn sách này sẽ giúp bạn nhận thức ra sự thật, định hướng lại bản thân, cung cấp các cách thức, nguyên tắc và chiến lược cả về phát triển bản thân và khởi nghiệp để tìm lại cuộc sống tự do theo chủ ý của bạn.\r\n\r\nGIỚI THIỆU\r\nHãy dành ít phút để hình dung ra khung cảnh khi bạn trên giường bệnh và xắp ra đi. Hãy thực lòng. Bạn có hối tiếc về những việc mình không làm? Liệu cuộc sống có phải chỉ là công việc? Nếu tương lai u ám và không có gì đáng giá, bạn có cơ hội để thay đổi nó – ngay lúc này.\r\n\r\nNhững người lớn tuổi thường mong ước có cỗ máy thời gian để giúp họ quay về quá khứ để tâm sự với chính họ khi còn trẻ. Khi đó, họ sẽ chia sẻ những điều hay lẽ phải và cảnh báo về những sai lầm mà họ đã rút ra sau nhiều năm trải nghiệm. Bằng cách thay đổi quá khứ, họ mong sẽ thay đổi tương lai – đã trở thành ngày hôm nay. Điều đáng buồn là cuộc sống hiện tại chỉ còn là những khát vọng đã chết từ lâu.\r\n\r\nSau khi bán công ty của mình vào năm 2007 và về hưu khi mới ngoài 30, tôi ngồi lại và xem thử những trải nghiệm về cuộc sống và kinh doanh của mình. Nếu tôi có thể quay về quá khứ và tâm sự với chính mình khi mới 20 tuổi, tôi sẽ chia sẻ điều gì? Điều hay lẽ phải nào mà tôi muốn nói? Những bài học từ thất bại của tôi là gì? Và quan trọng hơn, làm sao mang đến giá trị của những bài học này cho mọi người?\r\n\r\nSau hơn 3 năm chiêm nghiệm, tôi có được bản thảo dày cộm như cuốn tiểu thuyết. Vâng, có rất nhiều sai lầm, rất nhiều bài học cần nói. Cuối cùng, cuốn sách của tôi khác biệt hoàn toàn với các sách khác – trái ngược hoàn toàn với tư tưởng chính thống. Nói cách khác, hạnh phúc không đến từ làm theo những lề thói thông thường – mà chính xác là làm ngược lại.\r\n\r\nCó vô số sách về tài chính, cách sống và khởi nghiệp, nhưng chẳng có cuốn sách nào dám nói ra sự thật. Thay vào đó, nó chỉ kể những câu chuyện hư cấu – theo những khuân mẫu sẵn có để chôn vùi ước mơ và đưa bạn đến cuộc sống tầm thường. Khả năng rất lớn là bạn đã đọc chúng và – cũng như tôi – tự hỏi: liệu những triệu phú này xuất thân từ làm thuê và giàu có nhờ vào quỹ đầu tư? Liệu những bậc thầy về tài chính này có thực sự làm giàu nhờ vào những gì họ nói, hay từ điều gì? Và đây là câu hỏi yêu thích của tôi: liệu tôi có thể làm giàu nhờ vào bán hàng đa cấp?\r\n\r\nTrong quá trình xuất bản sách, những “chuyên gia” cảnh báo rằng sách của tôi sẽ không bán được. Họ nói rằng tôi đã bỏ lỡ cơ hội để chiêu dụ độc giả tham gia vào các khóa huấn luyện đắt đỏ.\r\n\r\nỒ! Tôi thực sự không quan tâm đến điều đó.\r\n\r\nTôi viết sách này với tất cả sự chân thành từ đáy lòng. Không để nổi tiếng, hay để kiếm tiền, hay để trở thành một chuyên gia tầm cỡ toàn cầu.\r\n\r\nSau hàng năm trời đằng đẵng chỉnh sửa, vào năm 2011 tôi tự xuất bản sách The Millionaire Fastlane – Triệu phú thần tốc – và phân phối rất giới hạn không quảng bá gì. Tôi không thuê công ty PR nào để tìm cách đưa sách của mình thành best-seller. Tôi không nhờ cậy vào những người có ảnh hưởng hay những chuyên gia hàng đầu nào. Tôi không dành một xu nào để quảng cáo. Truyền thông bỏ rơi cuốn sách của tôi. Các bloggers ngó lơ sách của tôi. Các chuyên gia khởi nghiệp ở Silicon Valley không quan tâm. Nhưng bạn biết không? Những độc giả đã không bỏ rơi tôi. Họ đã chán ngấy những cuốn sách tầm thường, từ những lời khuyên sáo rỗng nhằm cổ súy cho cuộc sống tầm thường.\r\n\r\nSau nhiều tháng trôi qua, sách của tôi vẫn bán đều đặn. Từ số lượng hàng trăm đến hàng ngàn và hàng chục ngàn. Rất nhanh, doanh thu vượt mức 1 triệu Đô la và 2 triệu đô la. Bản quyền dịch sách được phổ biến rộng rãi đến: Hàn Quốc, Nhật Bản, Ý và nhiều quốc gia khác. Twitter của tôi tràn ngập những lời nhắn của độc giả:\r\n\r\nSách hay nhất từng đọc.\r\n\r\nMinh triết tuyệt vời về kinh doanh.\r\n\r\nMặc dù tiêu đề sách có vẻ như là về “làm giàu nhanh” và bìa rất xấu, cuốn sách đứng đầu trong nhiều chuyên mục sách trên Amazon. Trong khi sách chưa từng được vào danh sách bán chạy của The New York Times, nó bán chạy hơn bất kỳ sách nào trong danh sách đó.\r\n\r\nChốt lại, tôi làm độc giả sửng sốt với cách thức làm giàu hiệu quả dựa trên toán học bất chấp hoàn cảnh, thời gian hay điều kiện kinh tế. Độc giả nhận chân ra sự thật về kinh doanh khởi nghiệp, hạnh phúc và làm giàu.\r\n\r\nTrong khi cuốn sách The Millionaire Fastlane – Triệu phú thần tốc – trở nên nổi tiếng trên toàn thế giới, độc giả muốn có thêm một cuốn sách khác. Trong khi tôi không có ý định viết 2 cuốn sách về cùng một chủ đề, trong thâm tâm tôi biết là mình còn muốn viết thêm một cuốn sách khác – đó chính là cuốn sách này.\r\n\r\nBạn thấy đấy, nếu bạn từ bỏ ước mơ của mình, lý do không phải bởi vì bạn thiếu nỗ lực hay nhiệt huyết; mà lý do là vì cuộc sống của bạn đã bị kiểm soát bởi những điều xảo trá nhằm giới hạn khả năng của bạn. Bạn đã bị buộc phải tham gia vào một trò chơi mà chỉ có rất ít người chiến thắng.\r\n\r\nSách Sứ mệnh khởi nghiệp là công cụ để bạn thay đổi tương lai của mình. Đừng đợi đến khi xế chiều rồi ước gì có cỗ máy thời gian để quay lại quá khứ. Bạn có thể thay đổi tương lai…\r\n\r\n…ngay bây giờ, ngay lúc này khi còn thời gian.\r\n\r\nĐó là cuộc sống mà mỗi sáng bạn phấn khích thốt lên: cuộc sống của tôi thật tuyệt. Bạn sống trong căn nhà mơ ước – không có nợ ngân hàng. Không có đồng hồ báo thức, không phải báo cáo cho ai. Và tự do làm những gì mình muốn. Đó là kiếm nhiều tiền hơn cả tuần khi làm công, ngay trước bữa sáng. Đó là siêu xe mắc tiền đang đậu trong garage. Đó là sống với cuộc sống mà bạn mơ ước.\r\n\r\nĐừng nhầm lẫn nhé! Cuộc sống như thế là có thật.\r\n\r\nTôi biết điều đó vì tôi đã sống như thế trong gần 20 năm qua.\r\n\r\nVà chỉ trong một vài năm, bạn cũng có thể làm được. Bạn không cần phải mất 5 thập kỷ để cày ải với công việc nhàm chán và cố gắng dè sẻn đầu tư.\r\n\r\nĐiều không may là bạn đã bị lừa dối rằng cuộc sống như thế nằm ngoài tầm với của mình, hay chỉ dành cho số ít người – người có bằng cấp, được quỹ đầu tư, hay có mối quan hệ. Tôi chắc chắn với bạn điều đó không đúng.\r\n\r\nTrong khi tôi làm kinh doanh trong phần lớn cuộc đời mình, tôi không có tài cán gì đặc biệt. Bạn sẽ không nghe báo chí đưa tin gì về tôi. Mặc dù thế, tôi đã tạo ra nhiều hệ thống kinh doanh sinh lời để mang lại cuộc sống tự do tôi muốn. Tôi đang nói đến hệ thống kinh doanh sinh lời từ 5 đến 6 con số (đôla) hàng tháng và trị giá hàng triệu đô. Mặc dù tôi đã 2 lần bán công ty thành công, đừng để điều đó làm bạn lo lắng, nó chỉ là một phần trong hành trình.\r\n\r\nCuốn sách Sứ mệnh khởi nghiệp rất dài. Tôi có lý do cho nó đấy. Tôi không phải là tác giả xuất bản sách hàng tháng về những chủ đề đang hot. Tôi cũng không phải là loại tác giả dành 200 trang để vòng vo về những khái niệm chỉ cần vài đoạn là đủ. Tôi không dành 3 năm viết sách để kiếm tiền – tôi viết nó để thay đổi cuộc đời bạn. Và để thay đổi cuộc đời bạn, có rất nhiều điều cần nói. Đúng thế, không chỉ là để khởi nghiệp và kiếm tiền – mà là làm sao để lấy lại cuộc sống của bạn bằng sự tự do có được thông qua thực thi sứ mệnh khởi nghiệp.', 4, 2, 45, '2021-07-06 09:39:39', '2021-07-06 09:39:39', 0),
(44, 'How Psychology Works - Hiểu Hết Về Tâm Lý Học', 'Jo Hemmings', '/user/images/book/tam-ly-hoc.png', 13, 0, 0, 247, 'LPAQn1oZGZ', 300000, 0, 'MỘT TRONG NHỮNG CUỐN SÁCH MỞ KHÓA HỮU ÍCH NHẤT VỀ TƯ DUY, KÝ ỨC VÀ CẢM XÚC CỦA CON NGƯỜI!\r\n\r\nÁm sợ là gì, ám sợ có thực sự đáng sợ không? Rối loạn tâm lý là gì, làm thế nào để thoát khỏi tình trạng suy nhược và xáo trộn đó? Trầm cảm là gì, vì sao con người hiện đại thường xuyên gặp và chống chọi với tình trạng u uất, mệt mỏi và tuyệt vọng này?\r\n\r\nTìm hiểu về các vấn đề tâm trí của con người luôn đầy sức hấp dẫn và lôi cuốn, vì vậy mà tâm lý học ra đời, hình thành và phát triển rất nhiều các học thuyết và trường phái. Cuốn sách này dẫn dắt bạn đọc qua hành trình tìm hiểu các học thuyết và trường phái đó, về cách các nhà tâm lý diễn giải hành xử và tâm trí con người. Tại sao chúng ta có những hành vi, suy nghĩ và cảm xúc như vậy, chúng diễn ra và kết thúc như thế nào, chúng ảnh hưởng lâu dài, gián đoạn hay ngắn ngủỉ đến đời sống của chúng ta ra sao, làm thế nào để chúng ta thoát khỏi những tác động tiêu cực của chúng?\r\n\r\nCuốn sách có cấu trúc khoa học, trình bày dễ hiểu, súc tích, thiết kế và minh họa đẹp mắt này sẽ mang đến cho bạn những hiểu biết về các học thuyết tâm lý và các phương pháp trị liệu, từ các vấn đề cá nhân đến những ứng dụng thực tế.', 4, 2, 5, '2021-07-06 09:42:01', '2021-07-06 09:42:01', 0),
(45, 'Thần Thoại Hy Lạp', 'Nguyễn Văn Khỏa', '/user/images/book/than-thoai-hy-lap.png', 2, 0, 2, 300, 'N4HsMBD233', 100000, 0, 'Từ bao đời nay, thần thoại Hy Lạp đã trở thành một giá trị vô cùng quý báu của gia tài văn hóa nhân loại. Những nhân vật, điển tích trong đây liên tục được tái sinh, hiện diện, truyền nguồn cảm hứng tới khắp mọi nơi từ triết học, hội họa, điện ảnh cho đến kiến trúc, văn học, thi ca. Cho dù hôm nay, thời đại của niềm tin và tư duy thần thoại đã lùi vào quá khứ, cung điện Olympe của các vị thần hẳn đã dời đến một hành tinh nào khác xa xăm, thì những cái tên như Zeus, Éros, Héraclès... hay Achille vẫn truyền cho loài người những âm hưởng thánh thần để chinh phục ngày mai.', 5, 2, 5, '2021-07-11 02:25:01', '2021-07-06 09:48:08', 0),
(46, 'Thiên Tài Bên Trái, Kẻ Điên Bên Phải', 'Cao Minh', '/user/images/book/thien-tai-ke-dien.png', 13, 0, 2, 424, 'n0MFDDnyaq', 145000, 0, 'NẾU MỘT NGÀY ANH THẤY TÔI ĐIÊN, THỰC RA CHÍNH LÀ ANH ĐIÊN ĐẤY!\r\n\r\nHỡi những con người đang oằn mình trong cuộc sống, bạn biết gì về thế giới của mình? Là vô vàn thứ lý thuyết được các bậc vĩ nhân kiểm chứng, là luật lệ, là cả nghìn thứ sự thật bọc trong cái lốt hiển nhiên, hay những triết lý cứng nhắc của cuộc đời?\r\n\r\nLại đây, vượt qua thứ nhận thức tẻ nhạt bị đóng kín bằng con mắt trần gian, khai mở toàn bộ suy nghĩ, để dòng máu trong bạn sục sôi trước những điều kỳ vĩ, phá vỡ mọi quy tắc. Thế giới sẽ gọi bạn là kẻ điên, nhưng vậy thì có sao? Ranh giới duy nhất giữa kẻ điên và thiên tài chẳng qua là một sợi chỉ mỏng manh: Thiên tài chứng minh được thế giới của mình, còn kẻ điên chưa kịp làm điều đó. Chọn trở thành một kẻ điên để vẫy vùng giữa nhân gian loạn thế hay khóa hết chúng lại, sống mãi một cuộc đời bình thường khiến bạn cảm thấy hạnh phúc hơn?\r\n\r\nThiên tài bên trái, kẻ điên bên phải là cuốn sách dành cho những người điên rồ, những kẻ gây rối, những người chống đối, những mảnh ghép hình tròn trong những ô vuông không vừa vặn… những người nhìn mọi thứ khác biệt, không quan tâm đến quy tắc. Bạn có thể đồng ý, có thể phản đối, có thể vinh danh hay lăng mạ họ, nhưng điều duy nhất bạn không thể làm là phủ nhận sự tồn tại của họ. Đó là những người luôn tạo ra sự thay đổi trong khi hầu hết con người chỉ sống rập khuôn như một cái máy. Đa số đều nghĩ họ thật điên rồ nhưng nếu nhìn ở góc khác, ta lại thấy họ thiên tài. Bởi chỉ những người đủ điên nghĩ rằng họ có thể thay đổi thế giới mới là những người làm được điều đó.\r\n\r\nChào mừng đến với thế giới của những kẻ điên.', 5, 2, 5, '2021-07-11 02:25:01', '2021-07-06 09:49:46', 0),
(47, 'All In One - Tiếng Anh Trung Học Cơ Sở', 'Hoàng Ngân, Linh Chi', '/user/images/book/tieng-anh-THCS.png', 8, 0, 2, 300, 'SsPMyEatOz', 89000, 0, 'Nếu bạn băn khoăn với câu hỏi \"Có nên học tiếng Anh hay không?\" thì câu trả lời chắc chắn là \"Có\" nếu bạn muốn có một cơ hội tiến xa hơn trong tương lai. Tuy nhiên, bạn lại đang:\r\nGặp vấn đề khó khăn trong học tiếng Anh, vấn đề nằm ở đâu?\r\nBạn đã chán ngán những cuốn giáo trình học tiếng Anh dày cộp chỉ có chữ?\r\nBạn đang cần một cuốn cẩm nang nhỏ gọn hơn để ghi nhớ tất tần tật những cấu trúc tiếng Anh của 3 năm cấp 3?\r\nPhương pháp học tiếng Anh tại trường gần như không hiệu quả và bạn bị áp lực bởi những bài thi?\r\nĐáp ứng nhu cầu trở thành một cuốn cẩm nang tiếng Anh cơ bản không chỉ với bậc THPT mà còn với những bạn muốn đặt nền tảng sử dụng tiếng Anh, cuốn sách All in one ra đời giúp bạn giải quyết tất cả những vấn đề trên.\r\nTại sao bạn cuốn sách này có thể giúp bạn, hãy xem xét những ưu điểm sau:\r\nNội dung cuốn sách được chia thành 3 phần chính\r\nNgữ pháp cơ bản - Phương pháp làm bài\r\nTừ vựng theo chủ đề\r\nMẫu câu cần nhớ\r\nViệc phân chia bố cục cuốn sách giúp bạn bước đầu tiếp cận tốt hơn với ngôn ngữ tiếng Anh qua ba yếu tố:\r\nĐặt nền tảng ngữ pháp quan trọng trong tiếng Anh trình độ cơ bản\r\nPhương pháp học từ vựng theo chủ đề giúp tăng khả năng ghi nhớ và phát triển vốn từ\r\nNhững mẫu câu cơ bản được xây dựng từ nền tảng ngữ pháp và từ vựng đã học ở hai phần trên.\r\nGiải thích đáp án cụ thể\r\nPhần lớn những cuốn sách dạy tiếng Anh trên thị trường tập trung vào lý thuyết, có ví dụ và đáp án để so sánh. Tuy nhiên, cuốn sách này có ưu điểm là phần đáp án được giải thích cặn kẽ để bạn học có thể hiểu bản chất mà không gây khó khăn trong quá trình ôn luyện.\r\n15 chương ngữ pháp nòng cốt\r\nỞ phần ngữ pháp, cuốn sách bao gồm 15 chương ngữ pháp nòng cốt, đặt nền tảng sử dụng tiếng Anh cho bạn khi bạn học những kiến thức tiếng Anh chuyên sâu sau này.\r\nKhông chỉ đóng vai trò là một cuốn giáo trình tiếng Anh cấp 3 cơ bản, cuốn sách còn là một cuốn cẩm nang tự học tiếng Anh tiện dụng, nhanh gọn để bạn có thể mang đi mọi lúc mọi nơi để phục vụ nhu cầu trau dồi kiến thức cho mình.', 11, 2, 34, '2021-07-06 09:52:03', '2021-07-06 09:52:03', 0),
(48, 'Trâm (Trọn Bộ 4 Cuốn) - Tái Bản', 'Châu Văn Văn', '/user/images/book/tram.png', 12, 0, 2, 700, '516caQcPfP', 500000, 0, 'Trâm - Nữ Hoạn Quan\r\n\r\nThời xưa, người nào muốn bán mình thì cắm một cọng cỏ lên đầu làm dấu, ai muốn mua trông thấy sẽ hỏi và ra giá - Câu chuyện này xảy ra vào cái thời xa xưa ấy, khi Đại Đường bắt đầu điệu tàn và muôn vẻ phồn hoa sắp lìa bỏ Trường An.\r\n\r\nMột thiếu nữ có tài phá án bỗng bị vu là sát nhân và bị săn đuổi khắp giang hồ. Đội trên đầu bóng tối của cáo thị truy nã, gánh trên vai khối nặng phỉ nhổ của cả thiên hạ, lại đi truy nã tội phạm, cô đã phải cải trang thành hoạn quan, hầu hạ bên mình vương gia, chờ cơ hội tìm ra hung thủ giết chết cả gia đình. Không ngờ, cô tiếp tục bị cuốn vào vụ án vương phi mất tích đầy bí ẩn.\r\nNhững cái chết dồn dập, kẻ trúng độc, người mất đầu. Tên hung thủ kỳ quái thoắt ẩn thoắt hiện. Nghi vấn về thân thế vương phi. Tất cả manh mối xung đột lẫn nhau, như những sợi chỉ rối beng chờ người tháo gỡ. Sử dụng hai thủ pháp phá án chính là suy luận và giám định pháp y, cô thiếu nữ phải chạy đua với hung thủ để phơi bày chân giả trước khi sự thật bị thời gian tàn phá. Trên đường đua ấy, cô gặp được đồng minh, quen thêm bằng hữu, cũng tái ngộ oan gia, những yêu và hận cũng theo đó đảo chiều, giăng mắc, hoặc dần dần tháo gỡ Với kết cấu truyện lồng trong truyện, nhân vật lồng trong nhân vật, sử dụng hai thủ pháp phá án chính là suy luận và giám định pháp y, TRÂM là một đại án mênh mang mà NỮ HOẠN QUAN chính là chìa khoá đầu tiên để tra vào phá giải.\r\nTrâm - Kẻ Yểu Mệnh\r\n\r\n\"Trên đời này, hễ có kẻ làm chuyện xấu, nhất định sẽ để lại dấu vết. Tôi không tin thời gian có thể chôn vùi tội ác.\"\r\n\r\nHoàng Tử Hà đã nói như thế khi đứng trước bất kỳ vụ án nào. Nhưng biết lần tìm manh môi ra sao nếu dấu vết lại chỉ là một tia sét trên trời, một lời đồn vu vơ, một giấc mơ vừa được nghe kể?\r\n\r\nNhững tưởng cơ hội trở về Thục giải vụ án oan của gia đình cô đang đến gần, thì một loạt sự kiện kỳ dị trong ngoài triều bỗng xảy ra - đích thân Đồng Xương công chúa yêu cầu hoạn quan Dương Sùng Cổ ra tay điều tra. Loay hoay giữa các dấu vết mơ hồ chẳng thể suy đoán, Hoàng Tử Hà đột nhiên gặp lại người con trai thuở thanh mai trúc mã, giờ đã coi cô như kẻ tử tù. Trăm ân nghìn oán cũng quá khứ vừa ngọt ngào vừa đau thương dễ làm rối trí.\r\n\r\nĐâu là người ngay, đâu là hung thủ?\r\n\r\nSinh ra trong điện ngọc và chốn dân gian, số phận nào hạnh phúc hơn?\r\n\r\nRốt cuộc trong đại án mênh mông này, kẻ yểu mệnh là ai?\r\n\r\nTrâm - Tình Lang Hờ\r\n\r\nMang trong lòng bao cảm xúc ngổn ngang, cùng Quỳ vương Lý Thư Bạch quay về Thục với quyết tâm phá giải vụ án oan của gia đình, được binh lính, quan binh phủ huyện hộ tống, nghênh đón suốt dọc lộ trình, Hoàng Tử Hà không thể nào ngờ, đường về Thục khó đi đến vậy!\r\n\r\nChốn cũ người xưa. Những ký ức tưởng rằng chân thực nhất, đáng tin cậy nhất bỗng trở nên bất định. Cô đã cùng Lý Thư Bạch vượt mọi hiểm nguy, thoát khỏi tầng tầng lớp lớp cạm bẫy của kẻ giấu mặt. Nhưng tất cả đều không đáng sợ bằng giây phút đối diện hung thủ đã đẩy cả gia đình cô tới cái chết. Vào thời khắc giật bỏ tấm màn che phủ vụ án, Hoàng Tử Hà chợt ngộ ra những điều ý nghĩa trong cuộc đời mình.\r\n\r\nTrâm - Chim Liền Cánh\r\n\r\nVụ án gia đình đã sáng tỏ, “tiểu thái giám” Dương Sùng Cổ đã quang minh chính đại lấy lại tên Hoàng Tử Hà, nhưng kèm theo đó là danh phận cô không hề mong muốn: vị hôn thê của Vương Uẩn. Mối quan hệ giữa ba người Hoàng Tử Hà - Lý Thư Bạch - Vương Uẩn bỗng trở nên khó xử lạ lùng.\r\n\r\nCùng lúc thế lực giấu mặt mà họ phải đối đầu ngày càng gia tăng áp lực, Quỳ vương bị vu cáo bắt giam, Hoàng Tử Hà đành cầu đến sức mạnh nhà họ Vương trợ giúp, món nợ với Vương Uẩn càng thêm nặng.\r\n\r\nBí ẩn về loài cá thích máu người A Già Thập Niết, lá bùa quỷ dị đã theo Lý Thư Bạch bấy nhiều năm, bức tranh với ba vệt mực đen do tiên hoàng để lại, những bí mật không lời giải ấy lại là manh mối duy nhất để Hoàng Tử Hà phá giải câu đố lớn nhất trong đời của Quỳ vương Lý Thư Bạch, cũng để giải cứu người cô yêu thương nhất trên đời này.', 5, 2, 5, '2021-07-11 02:25:01', '2021-07-06 09:57:28', 0),
(49, 'Trời Sinh Vụng Về, Hãy Bù Đắp Bằng Sự Kiên Trì', 'Thủy An', '/user/images/book/troi-sinh-vung-ve.png', 12, 1, 2, 368, 'nKbkhkM8zK', 129000, 0, 'Có khi nào bạn tự hỏi: Tại sao chúng ta phải cố gắng hết mình, trong khi những người khác chẳng cần làm gì cũng có được mọi thứ?\r\n\r\nTại sao chúng ta phải chạy hết tốc lực, trong khi những người khác chỉ cần thả bước thong dong?\r\n\r\nThực ra, đa phần chúng ta đều là những người không được ông trời ưu ái, cũng chẳng hề có tài năng thiên bẩm. Vậy mà ai ai cũng mơ ước một cuộc sống viên mãn, muốn được tự do tự tại đi du lịch nhiều nơi, muốn được sống là chính mình trong những năm tháng tuổi trẻ…\r\n\r\nMơ ước thì nhiều, nhưng người thực sự kiên trì được thì có mấy ai?\r\n\r\nChúng ta muốn thay đổi thế giới, nhưng ngay đến thói quen bản thân ghét cay ghét đắng cũng không bỏ được.\r\n\r\nChúng ta muốn đi du lịch, nhưng ngay cả xuống tầng mua đồ ăn cũng lười chẳng buồn nhấc chân.\r\n\r\nChúng ta muốn học thêm những điều mới, nhưng ngay cả dũng khí mở trang sách đầu tiên cũng không có.\r\n\r\nDần dà, chúng ta trở thành những con người thụ động, chỉ biết than thân trách phận, không chịu nỗ lực nhưng lại muốn nhanh chóng đạt được ước mơ.\r\n\r\nMột tảng đá xù xì phải trải qua trăm ngàn nhát búa mới có thể trở thành tác phẩm nghệ thuật được người đời kính ngưỡng. Một viên ngọc thô sẽ chẳng có mấy giá trị nếu nó không trải qua quá trình mài dũa khó khăn để rồi lộ ra vẻ đẹp rực rỡ ẩn giấu bên trong. Cuộc đời này cũng vậy, chỉ khi bạn đủ kiên trì chịu đựng được những gì người khác không thể chịu đựng, đủ nỗ lực đi trên con đường không phải ai cũng dám đi, khi ấy thành công sẽ mỉm cười với bạn.\r\n\r\nNhà hoạt động nhân quyền vĩ đại Martin Luther King, Jr. từng nói rằng: “Nếu bạn không thể bay, hãy chạy, nếu bạn không thể chạy, hãy đi, nếu bạn không thể đi, hãy bò, nhưng làm gì đi nữa, bạn cũng phải tiếp tục tiến về phía trước.” Bạn có thể bình thường, có thể vụng về, có thể chậm chạp hơn người khác, nhưng nhất định phải kiên trì hơn họ, bền bỉ hơn họ. Bởi vì chỉ cần một giây chần chừ thôi, bạn đã vô tình tụt lại phía sau hàng vạn người. Nếu bạn không dũng cảm, không nỗ lực sẽ chẳng có ai mạnh mẽ thay bạn cả!\r\n\r\nLạc lõng, mệt mỏi, thiếu động lực, không biết phải làm sao với tuổi trẻ của chính mì nếu bạn đang cảm thấy như vậy, hãy một lần thử tìm đến “Trời sinh vụng về, hãy bù đắp bằng sự kiên trì” của Lư Tư Hạo.\r\n\r\nKhông khô khan giáo điều cũng chẳng to tát lớn lao, “Trời sinh vụng về, hãy bù đắp bằng sự kiên trì” chỉ là những lời tâm tình mộc mạc đồng hành cùng bạn qua những đoạn đường gập ghềnh nhất của tuổi trẻ. Khi mà trong đời đã có quá nhiều người dạy ta phải sống thế nào, đôi khi tất cả những gì bạn cần, chỉ là một lời tâm tình, một sự sẻ chia, thấu hiểu mà thôi.\r\n\r\n“Hãy cứ nỗ lực như thế nhé.\r\n\r\nNgày tháng về sau, mong sao bạn và tôi ngày càng có thể sống là chính mình.”', 3, 2, 13, '2021-07-11 02:25:01', '2021-07-06 09:59:48', 0),
(50, 'Tư Duy Nhanh Và Chậm (Bản mới nhất 2020)', 'Daniel Kahneman', '/user/images/book/tu-duy-nhanh-va-cham.png', 13, 0, 2, 612, 'BrsgibpnTP', 269000, 0, 'Tư Duy Nhanh Và Chậm (bản in mới nhất 2020)\r\n\r\nChúng ta thường tự cho rằng con người là sinh vật có lý trí mạnh mẽ, khi quyết định hay đánh giá vấn đề luôn kĩ lưỡng và lý tính.\r\n\r\nNhưng sự thật là, dù bạn có cẩn trọng tới mức nào, thì trong cuộc sống hàng ngày hay trong vấn đề liên quan đến kinh tế, bạn vẫn có những quyết định dựa trên cảm tính chủ quan của mình. “Tư duy nhanh và chậm”, cuốn sách nổi tiếng tổng hợp tất cả nghiên cứu được tiến hành qua nhiều thập kỷ của nhà tâm lý học từng đạt giải Nobel Kinh tế Daniel Kahneman sẽ cho bạn thấy những sư hợp lý và phi lý trong tư duy của chính bạn.\r\n\r\nCuốn sách được đánh giá là “kiệt tác” trong việc thay đổi hành vi của con người, Tư duy nhanh và chậm đã dành được vô số giải thưởng danh giá, lọt vào Top 11 cuốn sách kinh doanh hấp dẫn nhất.\r\n\r\nĐã có rất nhiều cuốn sách nói về tính hợp lý và phi lý của con người trong tư duy, trong việc đánh giá và ra quyết định, nhưng Tư duy nhanh và chậm được Tạp chí Tài chính Mỹ đánh giá là “kiệt tác”.\r\n\r\nBạn nghĩ rằng bạn tư duy nhanh, hay chậm? Bạn tư duy và suy nghĩ theo lối “trông mặt bắt hình dong”, đánh giá mọi vật nhanh chóng bằng cảm quan, quyết định dựa theo cảm xúc hay tư duy một cách cẩn thận, chậm rãi nhưng logic hợp lý về một vấn đề. Tư duy nhanh và chậm sẽ đưa ra và lý giải hai hệ thống tư duy tác động đến con đường nhận thức của bạn.\r\n\r\nKahneman gọi đó là: hệ thống 1 và hệ thống 2. Hệ thống 1, còn gọi là cơ chế nghĩ nhanh, tự động, thường xuyên được sử dụng, cảm tính, rập khuôn và tiềm thức. Hệ thống 2, còn gọi là cơ chế nghĩ chậm, đòi hỏi ít nỗ lực, ít được sử dụng, dùng logic có tính toán và ý thức.\r\n\r\nTrong một loạt thí nghiệm tâm lý mang tính tiên phong, Kahneman và Tversky chứng minh rằng, con người chúng ta thường đi đến quyết định theo cơ chế nghĩ nhanh hơn là ghĩ chậm. Phần lớn nội dung của cuốn sách chỉ ra những sai lầm của con người khi suy nghĩ theo hệ thống 1.\r\n\r\nKahneman chứng minh rằng chúng ta tệ hơn những gì chúng ta tưởng: đó là chúng ta không biết những gì chúng ta không biết! \r\n\r\nCuốn sách đặc biệt đã dành được vô số giải thưởng danh giá: Sách khoa học hay nhất của Học viện Khoa học Quốc gia năm 2012, được tạp chí The New York Times bình chọn là sách hay nhất năm 2011, một trong những cuốn sách kinh tế xuất sắc năm 2011, chiến thắng giải thưởng cuốn sách được quan tâm nhất năm 2011 của tạp chí Los Algeles…\r\n\r\nTư duy nhanh và chậm đáp ứng hai tiêu chí của một cuốn sách hay, thứ nhất nó thách thức quan điểm của người đọc, thứ hai, nó không phải là những trang sách với những con chữ khô cứng mà nó vô cùng vui nhộn và hấp dẫn. Không nghi ngờ gì nữa, đây là cuốn sách hàn lâm dành cho tất cả mọi người!', 4, 2, 15, '2021-07-06 10:26:07', '2021-07-06 10:26:07', 0),
(51, 'Ước Mơ Cần Thực Hiện Mỗi Ngày', 'Lánh Duy', '/user/images/book/uoc-mo-can-thuc-hien-moi-ngay.png', 13, 0, 2, 280, 'eEoXfKgiB6', 99000, 0, 'GIẤC MƠ KHÔNG PHẢI NHỮNG GÌ BẠN THẤY KHI SAY NGỦ, ĐÓ LÀ NHỮNG THỨ KHIẾN BẠN KHÔNG THỂ CHỢP MẮT\r\n\r\nNhững năm đầu tuổi hai mươi, con người thường suy nghĩ rất nhiều về những thứ bản thân chưa có được. Chiếc điện thoại đời mới nhất, shopping không cần nhìn giá, những chuyến du lịch nghỉ dưỡng sang chả tất cả đều là ước mơ, khát khao của đại đa số người trẻ.\r\n\r\nLiệu bao người trong số đó nhận ra rằng, chỉ cần tạo dựng nền tảng thật tốt, dù là máy ảnh, quần áo, chuyến du lịch sang chảnh hay hành xử như người trưởng thành chín chắn, tất cả đều có thể sở hữu trong thời gian chưa tới nửa năm?\r\n\r\nThứ một đi không trở lại chính là:\r\n\r\nSự giàu có họ đang sở hữu lúc này.\r\n\r\nÁnh mắt tràn đầy ý chí phấn đấu.\r\n\r\nSự cao ngạo, cá tính.\r\n\r\nSự tự tin cao vời vợi khi đối diện với cả thế giới.\r\n\r\nTuổi trẻ như mãi mãi chẳng bao giờ vơi cạn.\r\n\r\nLòng dũng cảm không chịu lùi bước…\r\n\r\nƯớc mơ cần thực hiện mỗi ngày không đơn thuần chỉ là cuốn sách truyền cảm hứng của một người thành công, nó là cuốn sổ tay ghi chép lại chặng đường vất vả của chính tác giả – về quá trình phá kén hóa bướm, từ cô sinh viên không nổi bật, không tiền bạc, không mối quan hệ trở thành tác giả, diễn giả – một người có địa vị trong xã hội.\r\n\r\nBạn còn trẻ, những thứ bạn có là vô hạn khả năng. Đừng nghĩ mình chẳng có gì trong tay, đừng sợ hãi không dám mơ lớn, cũng đừng nhanh chán chóng nản bởi vài tảng đá ngáng chân. Ước mơ luôn cần được thực hiện mỗi ngày. Chắc chắn một ngày nào đó, bạn sẽ trở thành con người mình từng kỳ vọng.', 6, 2, 13, '2021-07-06 10:27:56', '2021-07-06 10:27:56', 0),
(52, 'Công Phá Vật Lí 3', 'Tăng Hải Tuân', '/user/images/book/vat-ly-THPT.png', 9, 0, 2, 500, 'rChiOhHCUK', 250000, 0, 'cuốn sách được viết bởi niềm đam mê với bộ môn vật lí. cuốn sách được tổng hợp những kiến thức, kinh nghiệm mà tác giả tích lũy từ hồi học phổ thông, khi tham gia các diễn đàn, các nhóm vật lí trên mạng', 12, 2, 5, '2021-07-11 02:25:01', '2021-07-06 10:31:02', 0),
(53, 'Vui Vẻ Không Quạu Nha - Tản Văn', 'Ở Đây Zui Nè', '/user/images/book/vui-ve-khong-quau.png', 1, 0, 2, 280, 'yQyVZTLpEg', 69000, 0, 'Cuộc đời ngày ngày nói yêu mình.\r\n\r\nXong cuộc đời lại đủ thứ phức tạp và bất công với mình.\r\n\r\nVậy là cuộc đời ghét mình rồi!\r\n\r\nThôi nào!\r\n\r\nThả lỏng và tận hưởng sự vui vẻ đi. Vì chẳng phải cuộc đời đang ghét bạn đâu, mà chính bạn bạn đang loay hoay với những mệt nhọc ở trên đời. Ví dụ như nay đã là deadline mà bỗng bị rớt mạng, sáng nay đi làm quên đem theo ví, hay đồng nghiệp ở công ty nói xấu mình,\r\n\r\nNếu kể ra thì sẽ có ti tỉ thứ không theo ý mình mỗi ngày. Không nói đến những chuyện bực tức khác, những nỗi buồn chúng ta không làm chủ được, những điều vô tình đến khiến ta quạu cọ và xấu xí. Rồi khi chúng ta cứ để chúng trong lòng sự phiền muộn không biết kéo dài đến bao giờ mới kết thúc.\r\n\r\nCho nên, thay vì để tâm đến những chuyện khiến mình không vui, hãy lựa chọn vui vẻ, bạn sẽ thấy cuộc đời trở nên tuyệt vời hơn rất nhiều. Và để cân bằng những cảm xúc ấy “Vui vẻ không quạu nha” chính là một món quà để lan tỏa và nhân lên niềm vui, một cuốn sách mà ai cũng cần phải có để thêm yêu những điều nhỏ xíu đáng yêu xung quanh mình.\r\n\r\nVui vẻ không quạu nha - Cuốn sách không chỉ mặn mà đúng như tên gọi của nó mà còn bắt kịp các xu hướng được quan tâm từ fanpage nổi tiếng “Ở đây zui nè” sẽ giúp bạn có những tràng cười vui vẻ không ngớt, có cái nhìn khoan dung cởi mở hơn, nhìn nhận những xui xẻo vấp phải bỗng trở nên nhỏ bé dưới góc độ dí dỏm và hài hước.\r\n\r\nVui vẻ không quạu nha - xin được gửi đến những bạn trẻ đang dễ giận dữ, cau có ngoài thế giới kia, những ai đang buồn phiền về rắc rối nào đó, “trái tim” nhỏ bé này còn phải dành cho niềm vui, đừng để bực bội, dỗi hờn từ những điều không đáng chiếm hết chỗ.\r\n\r\nVà hãy hét to với Thế giới rằng “Mình là một người tràn đầy năng lượng,” luôn sẵn sàng để hạnh phúc hơn.', 5, 2, 20, '2021-07-11 02:25:01', '2021-07-06 10:33:20', 0);

-- --------------------------------------------------------

--
-- Table structure for table `sach_yeu_thich`
--

DROP TABLE IF EXISTS `sach_yeu_thich`;
CREATE TABLE IF NOT EXISTS `sach_yeu_thich` (
  `Id` int(11) NOT NULL AUTO_INCREMENT,
  `Id_Sach` int(11) NOT NULL,
  `Id_TK` int(11) NOT NULL,
  `Trang_Thai` tinyint(1) NOT NULL DEFAULT 0,
  `updated_at` timestamp NOT NULL DEFAULT current_timestamp() ON UPDATE current_timestamp(),
  `created_at` timestamp NOT NULL DEFAULT '0000-00-00 00:00:00',
  PRIMARY KEY (`Id`),
  KEY `Id_Sach` (`Id_Sach`),
  KEY `Id_TK` (`Id_TK`)
) ENGINE=InnoDB AUTO_INCREMENT=43 DEFAULT CHARSET=utf8 COLLATE=utf8_unicode_ci;

--
-- Dumping data for table `sach_yeu_thich`
--

INSERT INTO `sach_yeu_thich` (`Id`, `Id_Sach`, `Id_TK`, `Trang_Thai`, `updated_at`, `created_at`) VALUES
(20, 53, 3, 0, '2021-07-08 07:51:48', '2021-07-08 07:51:48'),
(24, 51, 3, 0, '2021-07-08 08:03:30', '2021-07-08 08:03:30'),
(39, 6, 3, 0, '2021-07-09 04:23:14', '2021-07-09 04:23:14'),
(40, 13, 3, 0, '2021-07-09 09:22:55', '2021-07-09 09:22:55'),
(41, 19, 3, 0, '2021-07-10 14:07:35', '2021-07-10 14:07:35'),
(42, 17, 3, 0, '2021-07-11 01:55:29', '2021-07-11 01:55:29');

-- --------------------------------------------------------

--
-- Table structure for table `tai_khoan`
--

DROP TABLE IF EXISTS `tai_khoan`;
CREATE TABLE IF NOT EXISTS `tai_khoan` (
  `Id` int(11) NOT NULL AUTO_INCREMENT,
  `Ho_Ten` varchar(50) COLLATE utf8_unicode_ci DEFAULT NULL,
  `Gioi_Tinh` tinyint(1) DEFAULT NULL,
  `Ngay_Sinh` date DEFAULT NULL,
  `Mat_Khau` char(16) COLLATE utf8_unicode_ci NOT NULL,
  `Email` varchar(50) COLLATE utf8_unicode_ci NOT NULL,
  `So_Dien_Thoai` char(10) COLLATE utf8_unicode_ci DEFAULT NULL,
  `Dia_Chi` varchar(100) COLLATE utf8_unicode_ci DEFAULT NULL,
  `Loai_TK` tinyint(1) NOT NULL,
  `Anh_Dai_Dien` varchar(100) COLLATE utf8_unicode_ci DEFAULT NULL,
  `Trang_Thai` tinyint(1) NOT NULL,
  `updated_at` timestamp NOT NULL DEFAULT current_timestamp(),
  `created_at` timestamp NOT NULL DEFAULT '0000-00-00 00:00:00',
  `is_deleted` tinyint(1) NOT NULL DEFAULT 0,
  PRIMARY KEY (`Id`)
) ENGINE=InnoDB AUTO_INCREMENT=14 DEFAULT CHARSET=utf8 COLLATE=utf8_unicode_ci;

--
-- Dumping data for table `tai_khoan`
--

INSERT INTO `tai_khoan` (`Id`, `Ho_Ten`, `Gioi_Tinh`, `Ngay_Sinh`, `Mat_Khau`, `Email`, `So_Dien_Thoai`, `Dia_Chi`, `Loai_TK`, `Anh_Dai_Dien`, `Trang_Thai`, `updated_at`, `created_at`, `is_deleted`) VALUES
(1, 'Ngô Phong', 0, '2000-07-03', 'Phong147', 'ngophong030700@gmail.com', '0933809731', '800 Nguyễn Văn Linh, Phường Tân Phú, Quận 7', 0, 'images\\an-mang-tren-nui-phu-si.png', 0, '2021-07-04 01:01:30', '0000-00-00 00:00:00', 0),
(2, 'Ly Lê', 1, NULL, 'LyLe1608', 'lyle160801@gmail.com', '0933811315', '70A Lê Văn Lương, Phường Tân Kiểng, Quận 7', 1, '/images/avt.png', 0, '2021-06-22 10:38:39', '0000-00-00 00:00:00', 1),
(3, 'Phong NAAN', 0, '2000-07-03', '123456', 'phong.ngo@naansolution.com', '0933809731', '800 Nguyễn Văn Linh, Phường Tân Phú, Quận 7', 1, 'images\\165813846_118687990291272_6221373711297093229_n.jpg', 0, '2021-07-10 14:40:53', '2021-06-19 11:09:54', 0),
(6, 'Admin', 0, NULL, 'a@123456', 'admin@domain.com', '0909057733', '800 Nguyễn Văn Linh, Phường Tân Phú, Quận 7', 0, NULL, 1, '2021-06-23 00:15:55', '2021-06-22 10:03:47', 0),
(12, 'Phong CT', 0, NULL, 'a@123456', '0306181351@caothang.edu.vn', '0933811315', 'Phước Lại, Cần Giuộc, Long An', 1, NULL, 0, '2021-06-23 05:15:26', '2021-06-23 05:15:26', 0),
(13, 'Ý', 1, NULL, 'a@123456', 'ngty@gmail.com', '0909886644', '800 Nguyễn Văn Linh, Phường Tân Phú, Quận 7', 0, 'C:\\wamp\\tmp\\php10D5.tmp', 0, '2021-07-04 00:51:38', '2021-07-04 00:51:38', 0);

-- --------------------------------------------------------

--
-- Table structure for table `the_loai`
--

DROP TABLE IF EXISTS `the_loai`;
CREATE TABLE IF NOT EXISTS `the_loai` (
  `Id` int(11) NOT NULL AUTO_INCREMENT,
  `The_Loai` varchar(50) COLLATE utf8_unicode_ci NOT NULL,
  PRIMARY KEY (`Id`)
) ENGINE=InnoDB AUTO_INCREMENT=14 DEFAULT CHARSET=utf8 COLLATE=utf8_unicode_ci;

--
-- Dumping data for table `the_loai`
--

INSERT INTO `the_loai` (`Id`, `The_Loai`) VALUES
(1, 'Truyện Tranh'),
(2, 'Thiếu Nhi'),
(3, 'Kỹ Năng Sống'),
(4, 'Kinh Tế'),
(5, 'Văn Học'),
(6, 'Tâm Lý/Giáo Dục'),
(7, 'Văn Hóa/Du Lịch'),
(8, 'Sách Giáo Khoa'),
(9, 'Thưởng Thức/Đời Sống'),
(10, 'Tạp Chí'),
(11, 'Sách Học Ngoại Ngữ/Từ Điển'),
(12, 'Sách Tham Khảo'),
(13, 'Sách Ẩm Thực');

--
-- Constraints for dumped tables
--

--
-- Constraints for table `anh_sach`
--
ALTER TABLE `anh_sach`
  ADD CONSTRAINT `anh_sach_ibfk_1` FOREIGN KEY (`Id_Sach`) REFERENCES `sach` (`Id`) ON DELETE CASCADE ON UPDATE CASCADE;

--
-- Constraints for table `binh_luan`
--
ALTER TABLE `binh_luan`
  ADD CONSTRAINT `binh_luan_ibfk_1` FOREIGN KEY (`Id_Sach`) REFERENCES `sach` (`Id`) ON DELETE CASCADE ON UPDATE CASCADE,
  ADD CONSTRAINT `binh_luan_ibfk_2` FOREIGN KEY (`Id_TK`) REFERENCES `tai_khoan` (`Id`) ON DELETE CASCADE ON UPDATE CASCADE;

--
-- Constraints for table `chi_tiet_don_hang`
--
ALTER TABLE `chi_tiet_don_hang`
  ADD CONSTRAINT `chi_tiet_don_hang_ibfk_1` FOREIGN KEY (`Id_Sach`) REFERENCES `sach` (`Id`) ON DELETE CASCADE ON UPDATE CASCADE,
  ADD CONSTRAINT `chi_tiet_don_hang_ibfk_2` FOREIGN KEY (`Id_DH`) REFERENCES `don_hang` (`Id`) ON DELETE CASCADE ON UPDATE CASCADE;

--
-- Constraints for table `gio_hang`
--
ALTER TABLE `gio_hang`
  ADD CONSTRAINT `gio_hang_ibfk_1` FOREIGN KEY (`Id_Sach`) REFERENCES `sach` (`Id`) ON DELETE CASCADE ON UPDATE CASCADE,
  ADD CONSTRAINT `gio_hang_ibfk_2` FOREIGN KEY (`Id_TK`) REFERENCES `tai_khoan` (`Id`) ON DELETE CASCADE ON UPDATE CASCADE;

--
-- Constraints for table `noi_dung_khuyen_mai`
--
ALTER TABLE `noi_dung_khuyen_mai`
  ADD CONSTRAINT `noi_dung_khuyen_mai_ibfk_1` FOREIGN KEY (`Id_The_Loai`) REFERENCES `the_loai` (`Id`) ON DELETE NO ACTION ON UPDATE NO ACTION,
  ADD CONSTRAINT `noi_dung_khuyen_mai_ibfk_2` FOREIGN KEY (`Id_Khuyen_Mai`) REFERENCES `khuyen_mai` (`Id`) ON DELETE NO ACTION ON UPDATE NO ACTION;

--
-- Constraints for table `sach`
--
ALTER TABLE `sach`
  ADD CONSTRAINT `sach_ibfk_1` FOREIGN KEY (`Nha_Xuat_Ban`) REFERENCES `nha_xuat_ban` (`Id`) ON DELETE CASCADE ON UPDATE CASCADE,
  ADD CONSTRAINT `sach_ibfk_2` FOREIGN KEY (`The_Loai`) REFERENCES `the_loai` (`Id`);

--
-- Constraints for table `sach_yeu_thich`
--
ALTER TABLE `sach_yeu_thich`
  ADD CONSTRAINT `sach_yeu_thich_ibfk_1` FOREIGN KEY (`Id_TK`) REFERENCES `tai_khoan` (`Id`) ON DELETE CASCADE ON UPDATE CASCADE,
  ADD CONSTRAINT `sach_yeu_thich_ibfk_2` FOREIGN KEY (`Id_Sach`) REFERENCES `sach` (`Id`) ON DELETE CASCADE ON UPDATE CASCADE;
COMMIT;

/*!40101 SET CHARACTER_SET_CLIENT=@OLD_CHARACTER_SET_CLIENT */;
/*!40101 SET CHARACTER_SET_RESULTS=@OLD_CHARACTER_SET_RESULTS */;
/*!40101 SET COLLATION_CONNECTION=@OLD_COLLATION_CONNECTION */;
